,asin,category,price_weighted_normalized,leak_weighted_normalized,absorb_weighted_normalized,comfort_weighted_normalized,material_weighted_normalized,package_weighted_normalized,size_weighted_normalized
0,B00028O5RY,Tampons,0.16963913243511,0.1103714975375798,0.3003282036291663,0.1735994324270303,0.3924961829179694,0.128133015263143,0.0543430064468383
1,B000E3DXCA,Tampons,0.1673177846562936,0.0343966560371588,0.0108722730152929,0.059157449467552,0.3543356740174836,0.0796936158292756,0.0111665364290844
2,B000FAG6X0,Coupes menstruelles,0.0,0.1255305114343048,0.0269236580331692,0.0917672343140084,0.3543356740174836,0.1467348786278311,0.0062676660924888
3,B000W6KKLQ,Protège-slips,0.0,0.070897305368159,0.0269236580331692,0.0956826510612413,0.3543356740174836,0.0796936158292756,0.0
4,B000W6KKMK,Protège-slips,0.0494167163570323,0.070897305368159,0.0648494167178339,0.0983780545808149,0.3543356740174836,0.0796936158292756,0.0
5,B000X29GY6,"Vitamines, minéraux et compléments",0.2220814409556406,0.7879192816946555,0.137709947436997,0.5703101627265265,0.4042931377380799,0.238228552180327,0.1244995936821119
6,B000ZNAFC0,Protège-slips,0.0,0.070897305368159,0.0269236580331692,0.059157449467552,0.3543356740174836,0.2668149390000957,0.1399512984644634
7,B0012ZNZF4,Tampons,0.0,0.070897305368159,0.0269236580331692,0.1009197188031252,0.3543356740174836,0.0796936158292756,0.0
8,B0013CA9KK,Tampons,0.308861257577766,0.0933568354532526,0.2047045546427048,0.1740640885241858,0.3977598481733202,0.0796936158292756,0.0412258683840423
9,B0013CFQVC,Protège-slips,0.0340653097557055,0.1006229182980487,0.0269236580331692,0.072675770397018,0.3543356740174836,0.1283293027255828,0.0
10,B001DX5ZPS,Tampons,0.1271207635466573,0.0616534376338013,0.0269236580331692,0.0969919640531999,0.3543356740174836,0.1250667953057899,0.0254515437187874
11,B001E12YNA,Protège-slips,0.0841002916883421,0.1442837720096305,0.3657812332795143,0.1509358756438855,0.4489279382974855,0.3198367693056498,0.0449018123333931
12,B001INZGXY,Protège-slips,0.0477329811584859,0.1958536435387717,0.1917746125637496,0.1822813387999011,0.5153994709903212,0.2841414552500771,0.0127425084923268
13,B001NZHAZY,Incontinence,0.0406238665945675,0.070897305368159,0.1204562361696156,0.059157449467552,0.4457195074821549,0.0796936158292756,0.0108447021851347
14,B002LM5UXW,Protège-slips,0.0918566282444227,0.1243337699283393,0.3794088668049546,0.241417259962711,0.5609681667314361,0.4731299511525999,0.0980859637988881
15,B002LME6NM,Protège-slips,0.1727483997802819,0.1462679992346142,0.2092196518493962,0.2391082367405882,0.4514855290175047,0.5729659297347549,0.0230579349729634
16,B002WN6DBI,Tampons,0.0608835232018276,0.0886064260492292,0.0269236580331692,0.1376798462562205,0.4228147506221992,0.0796936158292756,0.0162530978081209
17,B003ART1KU,Protège-slips,0.0453774371089158,0.0972950717160613,0.1836394893096384,0.0951721965632975,0.5074512377278554,0.3388385159300546,0.0
18,B004DGFFA2,Protège-slips,0.0,0.070897305368159,0.0487016022698109,0.0816789277637623,0.3543356740174836,0.0796936158292756,0.007575178322562
19,B004JBRQ80,Tampons,0.0,0.070897305368159,0.0908587984279267,0.059157449467552,0.4168020182451771,0.2382780942024232,0.0593040474718399
20,B004JBVCHG,Tampons,0.1443796455221171,0.1128928475440849,0.2900897786690111,0.2167185752603375,0.4355315730548602,0.0796936158292756,0.0385427185676133
21,B004NAGK52,Tampons,0.2047617595830351,0.11060318440436,0.2102631552045509,0.120099986024012,0.3543356740174836,0.3233121459124943,0.0182206544061394
22,B004QJL83O,Tampons,0.3176420597624111,0.163289487585817,0.253290969876958,0.1491943172069159,0.3543356740174836,0.2092660658796652,0.096909493383711
23,B0052ED6T6,Protège-slips,0.0,0.070897305368159,0.0736899471013924,0.1800648630415319,0.3543356740174836,0.0796936158292756,0.0
24,B0052ED72C,Protège-slips,0.0,0.070897305368159,0.0269236580331692,0.059157449467552,0.3543356740174836,0.0796936158292756,0.0
25,B0052EFBO4,Tampons,0.0696427988395163,0.070897305368159,0.1070966089379577,0.0867941776197491,0.3543356740174836,0.0796936158292756,0.0
26,B0054SD2BW,Tampons,0.0,0.1162208640985614,0.0269236580331692,0.0849222004765631,0.3543356740174836,0.0796936158292756,0.0138657031843252
27,B0069S90XK,Protège-slips,0.0325941610351722,0.0898585579670485,0.0269236580331692,0.0785592250183976,0.3543356740174836,0.0796936158292756,0.0174022809265544
28,B006DURH0W,Serviettes hygièniques,0.0,0.070897305368159,0.0269236580331692,0.059157449467552,0.3543356740174836,0.5103251403557634,0.0
29,B007Q3KYVO,Tampons,0.2747656626748653,0.170798272481897,0.1587198520344829,0.3453788985624643,0.3543356740174836,0.0796936158292756,0.0
30,B0084BUPO8,Serviettes hygièniques,0.0,0.1081856156731318,0.0269236580331692,0.059157449467552,0.3543356740174836,0.0796936158292756,0.0
31,B008ISZH3G,Tampons,0.0,0.070897305368159,0.0798061770829295,0.1138454628119998,0.3543356740174836,0.0796936158292756,0.0
32,B008IT0I02,Serviettes hygièniques,0.0,0.070897305368159,0.1452259969014175,0.1203281350074977,0.3543356740174836,0.409809869690559,0.0
33,B008IT0J7O,Serviettes hygièniques,0.0,0.070897305368159,0.0269236580331692,0.059157449467552,0.3543356740174836,0.0796936158292756,0.0
34,B009E1VOTC,Tampons,0.1147275827732214,0.070897305368159,0.0929609871926302,0.0819214327472067,0.3543356740174836,0.0796936158292756,0.0
35,B009HL68DG,Protège-slips,0.0686540511828428,0.070897305368159,0.066441009192337,0.059157449467552,0.3543356740174836,0.177712302917026,0.0
36,B009HR53DG,Protège-slips,0.0,0.070897305368159,0.0269236580331692,0.0939337178853927,0.3543356740174836,0.0796936158292756,0.0
37,B009M3P77W,Protège-slips,0.0,0.070897305368159,0.0269236580331692,0.059157449467552,0.3543356740174836,0.0796936158292756,0.0185914211537609
38,B009P5I3R8,Protège-slips,0.0468247978660474,0.070897305368159,0.0808284735057941,0.0777391870049476,0.3543356740174836,0.2133989145233244,0.0
39,B00B0FS74U,Protège-slips,0.0,0.070897305368159,0.0269236580331692,0.0893181654725406,0.3543356740174836,0.1339491386801084,0.0
40,B00B3S2QHS,Protège-slips,0.537785144072334,0.1021822951848384,0.5222032581812474,0.4539699906858182,0.596286390014825,0.2332548197176784,0.1866330381801817
41,B00B6RTB7O,Tampons,0.0416587432234052,0.070897305368159,0.0269236580331692,0.1252841061104304,0.3543356740174836,0.0796936158292756,0.0222419332051098
42,B00BL1137Q,Coupes menstruelles,0.0775990037767298,0.6351756397778883,0.0567010421691735,0.3003773663762978,0.8198285009430478,0.11662347084616,0.2002484954012661
43,B00BN7Y0T6,Protège-slips,0.0965832830180341,0.070897305368159,0.1195794068047427,0.0879031990062131,0.3543356740174836,0.0796936158292756,0.0128916450869454
44,B00BNSX67C,Protège-slips,0.0,0.070897305368159,0.0269236580331692,0.059157449467552,0.3543356740174836,0.0796936158292756,0.0
45,B00BSXSQP4,Protège-slips,0.0,0.070897305368159,0.0269236580331692,0.059157449467552,0.3543356740174836,0.0796936158292756,0.0
46,B00BSYD6JY,Serviettes hygièniques,0.0,0.070897305368159,0.0269236580331692,0.059157449467552,0.3543356740174836,0.0796936158292756,0.0
47,B00BVZSZMS,Tampons,0.0,0.1051045096325125,0.0269236580331692,0.1058266939103152,0.3543356740174836,0.0796936158292756,0.0156973642752687
48,B00C4UE9TC,Protège-slips,0.0,0.070897305368159,0.0269236580331692,0.059157449467552,0.3543356740174836,0.0796936158292756,0.0
49,B00CE6GXNG,Tampons,0.162029550314886,0.070897305368159,0.1098253436440224,0.1234565113848395,0.3543356740174836,0.0796936158292756,0.0
50,B00CE6R2B8,Serviettes hygièniques,0.0,0.070897305368159,0.0908587984279267,0.1032361087789915,0.4792683624728707,0.0796936158292756,0.0
51,B00CP4FKVS,Protège-slips,0.0430260323867075,0.070897305368159,0.0269236580331692,0.0762317023745784,0.3543356740174836,0.0796936158292756,0.0
52,B00CSBLPBW,Protège-slips,0.1356775500660152,0.070897305368159,0.0269236580331692,0.1129991047429422,0.3543356740174836,0.0796936158292756,0.0
53,B00DBWR7RS,Visage,0.058611598488979,0.070897305368159,0.0269236580331692,0.0707870281246243,0.3543356740174836,0.0796936158292756,0.0
54,B00DBWRE2G,Serviettes hygièniques,0.0275709973562555,0.0869363942316872,0.1644627733738524,0.0919808930187936,0.3543356740174836,0.0796936158292756,0.0
55,B00DBWRIZY,Tampons,0.2655938860657957,0.070897305368159,0.0880741170698121,0.1013162722052798,0.4140813099898044,0.2313709811831134,0.0709013404686923
56,B00DBWRMP0,Tampons,0.5225144305089415,0.0877843247142072,0.4056583591710519,0.3010683782484937,0.8114364293709804,0.6599187414383479,0.0619943546745009
57,B00DPXXM5E,Tampons,0.2091472308203669,0.1438986040301593,0.0911291981046743,0.1504541776880199,0.4013835729819841,0.1394143070917724,0.0111665364290844
58,B00DZ00ET4,Protège-slips,0.2533974689626434,0.1323184984122033,0.5293161191897653,0.2267525940450783,0.686847565664196,0.3208805212014322,0.011274243097834
59,B00E4KZQC4,Protège-slips,0.0,0.070897305368159,0.0269236580331692,0.0908768743549417,0.3543356740174836,0.0226341620182852,0.0
60,B00ET7PFFA,Protège-slips,0.1987640182025932,0.070897305368159,0.2557412549496355,0.059157449467552,0.3543356740174836,0.0796936158292756,0.0
61,B00F2GZSUY,Protège-slips,0.0,0.070897305368159,0.0269236580331692,0.059157449467552,0.3543356740174836,0.0796936158292756,0.0325341065554042
62,B00F2LNMPW,Protège-slips,0.0,0.070897305368159,0.0269236580331692,0.059157449467552,0.3543356740174836,0.0796936158292756,0.0
63,B00FV2PU2A,Tampons,0.0,0.070897305368159,0.0269236580331692,0.059157449467552,0.3543356740174836,0.0796936158292756,0.0
64,B00GA7T43G,Serviettes hygièniques,0.0,0.0907296843486278,0.0269236580331692,0.0862149703151567,0.3543356740174836,0.0796936158292756,0.0
65,B00GESJOMM,Serviettes hygièniques,0.0646231249945835,0.089694159740782,0.126116045738012,0.059157449467552,0.3543356740174836,0.0796936158292756,0.0
66,B00GESKXLS,Serviettes hygièniques,0.0801817961990764,0.0942196926190959,0.0269236580331692,0.059157449467552,0.3543356740174836,0.0796936158292756,0.0
67,B00GEUDZYI,Serviettes hygièniques,0.0323958112561785,0.070897305368159,0.0269236580331692,0.0784411566966377,0.3543356740174836,0.0796936158292756,0.0
68,B00GEUGOAA,Serviettes hygièniques,0.0,0.070897305368159,0.1425009827433001,0.0989985563187322,0.3543356740174836,0.0796936158292756,0.0
69,B00GEUIP34,Protège-slips,0.0,0.070897305368159,0.0836585300101736,0.078714746734061,0.3543356740174836,0.0093311358027337,0.0
70,B00GY338Z6,Serviettes hygièniques,0.0,0.070897305368159,0.0269236580331692,0.059157449467552,0.3543356740174836,0.0796936158292756,0.0
71,B00HI1B7J2,Serviettes hygièniques,0.0717237587861909,0.1126217205546474,0.1094922148357624,0.0876199761990736,0.4350073650432466,0.0796936158292756,0.0
72,B00I83ZD2Q,Protège-slips,0.0,0.1319862639611149,0.0672200258795834,0.059157449467552,0.3543356740174836,0.0796936158292756,0.0
73,B00I98F68G,Protège-slips,0.4034793116102304,0.070897305368159,0.1536017441050584,0.1537707848574648,0.3955916347813333,0.1320622560819383,0.0097918546614379
74,B00J4X3PQK,Serviettes hygièniques,0.037424451757342,0.070897305368159,0.0269236580331692,0.059157449467552,0.3543356740174836,0.0796936158292756,0.0
75,B00J5RI038,Serviettes hygièniques,0.0651524585774591,0.070897305368159,0.0269236580331692,0.059157449467552,0.3543356740174836,0.1262033143851092,0.0173927070249969
76,B00J9FQYVG,Serviettes hygièniques,0.0290474209891821,0.070897305368159,0.1160955464191375,0.0706844944855208,0.3543356740174836,0.1211651680478332,0.0
77,B00J9FVKVK,Protège-slips,0.0440621899038007,0.070897305368159,0.0269236580331692,0.0766428863605745,0.3543356740174836,0.0796936158292756,0.0
78,B00J9G2V2Q,Serviettes hygièniques,0.0,0.0897764745927947,0.1016437349733918,0.0849144963344005,0.3543356740174836,0.0796936158292756,0.0086634731749291
79,B00KDQDCEW,Tampons,0.0,0.1465566940481005,0.0269236580331692,0.059157449467552,0.5006186308787427,0.0796936158292756,0.0925850181168461
80,B00KH7CLA8,Protège-slips,0.0,0.1086222112421588,0.101577575160773,0.1106259307911953,0.3543356740174836,0.0796936158292756,0.0346232089110829
81,B00KQW4WNS,Serviettes hygièniques,0.0,0.070897305368159,0.0269236580331692,0.059157449467552,0.3543356740174836,0.0796936158292756,0.0
82,B00LN3RDDA,Protège-slips,0.142209875012338,0.1122617288803287,0.0678517421909205,0.059157449467552,0.5142870108124047,0.1812114796658817,0.0474543621636781
83,B00LWE6C0A,Tampons,0.2737334856997967,0.7078616698170551,0.0269236580331692,0.5615579633944225,0.4313064838143019,0.323952661890428,0.1096113582739357
84,B00M0RZH3G,Tampons,0.0,0.070897305368159,0.0269236580331692,0.059157449467552,0.3543356740174836,0.0796936158292756,0.0
85,B00M0S8OPS,Tampons,0.0,0.070897305368159,0.0269236580331692,0.118314898935104,0.3543356740174836,0.0796936158292756,0.0
86,B00NAA925Q,Tampons,0.0731698079518428,0.092180123626466,0.2234679125658726,0.1535256527316627,0.3543356740174836,0.1841595342468446,0.0
87,B00NB3SMOY,Tampons,0.0,0.0806557493660095,0.0269236580331692,0.1323819558137795,0.3920704235912409,0.1275925736735436,0.0089561163204264
88,B00NJNJ6O6,Protège-slips,0.0226610240582921,0.0840800776093319,0.0269236580331692,0.0681501460849381,0.3543356740174836,0.0796936158292756,0.0
89,B00OPX2RMW,Protège-slips,0.0,0.070897305368159,0.0269236580331692,0.059157449467552,0.3543356740174836,0.0796936158292756,0.0
90,B00PBI86O8,Tampons,0.0,0.1430997449347171,0.0904265917044597,0.1248284754782326,0.3543356740174836,0.0796936158292756,0.0220886802417507
91,B00POBIWAA,Protège-slips,0.0,0.070897305368159,0.0269236580331692,0.059157449467552,0.3543356740174836,0.0796936158292756,0.0
92,B00QNPEWZA,Protège-slips,0.037774482183109,0.070897305368159,0.0269236580331692,0.0816428272649813,0.3543356740174836,0.133624958338795,0.0
93,B00QTJ23IS,Serviettes hygièniques,0.034758885883079,0.1113384147173971,0.0669381677577269,0.0729510059591218,0.3543356740174836,0.1789454531263524,0.0
94,B00SG3PHUQ,Protège-slips,0.1130834179086261,0.0928256015579525,0.0269236580331692,0.059157449467552,0.3543356740174836,0.0796936158292756,0.0
95,B00STLACSM,Tampons,0.0284927048765604,0.1703489906820563,0.0269236580331692,0.1326523906352321,0.4184303261436261,0.0796936158292756,0.0304249619485069
96,B00T4GNI1O,Protège-slips,0.0,0.070897305368159,0.0269236580331692,0.059157449467552,0.3543356740174836,0.0796936158292756,0.0
97,B00TYY31U4,Protège-slips,0.0,0.070897305368159,0.0269236580331692,0.059157449467552,0.5315035110262254,0.0796936158292756,0.0
98,B00UDFHFEQ,Tampons,0.0,0.1319862639611149,0.1478127615724119,0.1008296001539416,0.3543356740174836,0.0796936158292756,0.0
99,B00VIP6IQG,Protège-slips,0.0,0.070897305368159,0.0269236580331692,0.059157449467552,0.6879907779674482,0.0796936158292756,0.0
100,B00VU2VQF0,Protège-slips,0.1987640182025932,0.070897305368159,0.0269236580331692,0.059157449467552,0.3543356740174836,0.0796936158292756,0.0
101,B00XA48B86,Protège-slips,0.2645628475173373,0.0928839032334484,0.1719547824257613,0.1416479456610775,0.3543356740174836,0.2955344044878663,0.0302683288465886
102,B00XA48EWO,Protège-slips,0.0517512013722716,0.070897305368159,0.0269236580331692,0.1002308671850361,0.3543356740174836,0.3013521221953879,0.0
103,B00XAEXV1I,Protège-slips,0.2352825315583455,0.070897305368159,0.0269236580331692,0.059157449467552,0.3543356740174836,0.121683280751982,0.0
104,B00XAEXWH6,Serviettes hygièniques,0.0,0.0930289258255113,0.1583126267723708,0.1270948492438517,0.5682865753608709,0.0796936158292756,0.0101559924522412
105,B00XAH04X8,Protège-slips,0.0469201661623588,0.070897305368159,0.0269236580331692,0.0777770325212596,0.3543356740174836,0.0796936158292756,0.0
106,B00ZB1KAT4,Protège-slips,0.0,0.070897305368159,0.0269236580331692,0.0751833507947112,0.3543356740174836,0.0796936158292756,0.0
107,B01193V8CK,Tampons,0.1874058658232615,0.5160666305098193,0.2426657236922592,0.6417168275771836,0.635383374434815,0.2580688814210781,0.3335249239704124
108,B0144M5L4E,Serviettes hygièniques,0.05122706823905,0.1006980227338559,0.0269236580331692,0.059157449467552,0.3543356740174836,0.1528314698325819,0.0
109,B0145NOA2G,Tampons,0.0577044530182066,0.0876817335450075,0.2926416565000145,0.059157449467552,0.3543356740174836,0.1620793545659124,0.0
110,B014KORVYE,,0.0496910045506483,0.070897305368159,0.0269236580331692,0.059157449467552,0.3543356740174836,0.0796936158292756,0.0
111,B016AGSNHY,Hygiène et épilation,0.1435121533489032,0.3714484585578913,0.2251774849856876,0.4919827939963658,1.0,0.407525639956896,0.406098063796279
112,B017ERGIUW,Serviettes hygièniques,0.1017076876348191,0.0906197044650577,0.1830384913112197,0.0927917921537379,0.544996139732894,0.1280969454553035,0.0090504234316765
113,B01BV4XLN6,Incontinence,0.1002624656346363,0.070897305368159,0.0653977853842834,0.059157449467552,0.3543356740174836,0.0796936158292756,0.0
114,B01BV4XLOU,Incontinence,0.0476262032300687,0.154015180572577,0.1914058435701701,0.059157449467552,0.3543356740174836,0.0796936158292756,0.0
115,B01C6YBDOO,Serviettes hygièniques,0.065683591622004,0.0900026164544478,0.102538760443055,0.1308377795075032,0.3543356740174836,0.0796936158292756,0.0175344950961881
116,B01CUOKUG2,Tampons,0.0341715757385867,0.1106550938004026,0.0269236580331692,0.1405203956692785,0.3543356740174836,0.0796936158292756,0.0182444751397104
117,B01D4VBU0K,Serviettes hygièniques,0.1042398986971435,0.070897305368159,0.0669240620942047,0.1625726550203941,0.3543356740174836,0.0796936158292756,0.0
118,B01E12I3Z6,Serviettes hygièniques,0.0326001574105798,0.1562386394928016,0.2145705406340284,0.1238419325072982,0.3543356740174836,0.1727813382050119,0.0
119,B01EAGUZAY,Tampons,0.4284534556112844,0.4239979758355967,0.0269236580331692,0.498389990559645,0.9165586101466588,0.6914047162475279,0.2954748156478317
120,B01F1RXFBM,Tampons,0.0,0.1072281057462578,0.0269236580331692,0.1582904268686663,0.4948225850848322,0.0796936158292756,0.0500155876703477
121,B01FUURB2O,Protège-slips,0.0,0.070897305368159,0.0269236580331692,0.059157449467552,0.3543356740174836,0.2860409396866879,0.0
122,B01FV6OZEE,Protège-slips,0.08876643882747,0.1225360902135576,0.248331271811476,0.0767702822355641,0.3543356740174836,0.3965274239373869,0.0
123,B01GVVHXJ2,Tampons,0.1877878315142296,0.070897305368159,0.0269236580331692,0.0740616214317165,0.3965787526812043,0.0796936158292756,0.0
124,B01HL1REGS,Serviettes hygièniques,0.0878763767488209,0.070897305368159,0.1280871459482515,0.1289023642520276,0.3543356740174836,0.0796936158292756,0.0
125,B01HQVLX7O,Tampons,0.1487467389252955,0.0925302021850159,0.0697330554002464,0.0812929390068792,0.3543356740174836,0.3451542806925144,0.0
126,B01IDA4FOU,Protège-slips,0.1490730136519449,0.070897305368159,0.0841280572622858,0.14789362366888,0.5778965935069109,0.1506384026584494,0.0
127,B01IDA4MFM,Protège-slips,0.0993820091012966,0.0998044365614019,0.0841280572622858,0.059157449467552,0.3543356740174836,0.0796936158292756,0.0
128,B01IH5NB3M,Tampons,0.0,0.1687576105285449,0.100697379787388,0.0973036871303982,0.4083948502733355,0.0796936158292756,0.0513224840448451
129,B01IR2AISQ,Protège-slips,0.0,0.070897305368159,0.0269236580331692,0.059157449467552,0.3543356740174836,0.0796936158292756,0.0
130,B01JSBV49M,Serviettes hygièniques,0.0,0.0941467249640018,0.0882681095234746,0.0750171619112468,0.3543356740174836,0.0796936158292756,0.0
131,B01KUJTSFI,Tampons,0.1932644502371682,0.4483382538575212,0.1964371678009432,0.716536101063261,0.5717109242783293,0.1585299901545212,0.2800747164401916
132,B01LW2OYC1,Protège-slips,0.1490730136519449,0.070897305368159,0.0841280572622858,0.14789362366888,0.5778965935069109,0.1506384026584494,0.0
133,B01M63RZXI,Tampons,0.1512662469271197,0.070897305368159,0.0269236580331692,0.079166716827036,0.3543356740174836,0.0796936158292756,0.0
134,B01M8MQEVZ,Serviettes hygièniques,0.0,0.070897305368159,0.0269236580331692,0.0891379531974578,0.3543356740174836,0.2954189858673531,0.0
135,B01N1GUS0U,Tampons,0.2971778203509029,0.122761168767315,0.0269236580331692,0.1240193235437861,0.3543356740174836,0.2069795339092609,0.0158665593794756
136,B01N30WTQ1,Serviettes hygièniques,0.030329770644977,0.070897305368159,0.0385622253767775,0.059157449467552,0.4225628257385091,0.1662983899707376,0.0080966524745382
137,B01N63E1JO,Tampons,0.2160723187385843,0.5186943494769829,0.068380816779358,0.8790954053258261,0.7188784621707291,0.1953775665605114,0.4109797028978353
138,B01N63E1OD,Coupes menstruelles,0.1872060395431659,0.428727404357189,0.0679735675919936,0.6375580405011368,0.7453775675763485,0.1178761304905607,0.3426884172216176
139,B06W56C333,Serviettes hygièniques,0.0,0.070897305368159,0.1044300319632445,0.0935085492903171,0.3543356740174836,0.0796936158292756,0.0
140,B06XNQ2R5T,Serviettes hygièniques,0.1080338033558159,0.1023209740497658,0.0683799126966392,0.059157449467552,0.3543356740174836,0.2339355197459322,0.0
141,B06XYDHPRC,"Protections, serviettes hygiéniques, couches pour adultes, protège-slips",0.0,0.0625849432678544,0.0707886062767086,0.0704980915076888,0.3543356740174836,0.1612954535641609,0.0
142,B06XYDRJDN,"Protections, serviettes hygiéniques, couches pour adultes, protège-slips",0.0,0.1233907246487781,0.0269236580331692,0.0710936690872135,0.3543356740174836,0.0796936158292756,0.0
143,B06XYG8NVQ,Protège-slips,0.0,0.070897305368159,0.0269236580331692,0.059157449467552,0.3543356740174836,0.0796936158292756,0.0
144,B06XYHT94X,"Protections, serviettes hygiéniques, couches pour adultes, protège-slips",0.0283847474431407,0.070897305368159,0.0922768316885763,0.059157449467552,0.3543356740174836,0.0796936158292756,0.0
145,B06XYJC7DT,Culottes et sous-vêtements de protection,0.0,0.0872210467136128,0.1022975473129555,0.059157449467552,0.3543356740174836,0.0796936158292756,0.0
146,B06XYJGQ1Z,"Protections, serviettes hygiéniques, couches pour adultes, protège-slips",0.0611153281759829,0.0886738508966412,0.0269236580331692,0.059157449467552,0.3543356740174836,0.0796936158292756,0.0
147,B06XYKCVWP,"Protections, serviettes hygiéniques, couches pour adultes, protège-slips",0.0928171226952434,0.1068941189697833,0.0387960231511851,0.077574009618363,0.3543356740174836,0.1680381232943987,0.0
148,B06ZY7BR3V,Protège-slips,0.0,0.070897305368159,0.0269236580331692,0.059157449467552,0.3543356740174836,0.0796936158292756,0.0
149,B0713WD6BK,Tampons,0.0436972818002664,0.1598685536300691,0.0604599325350839,0.1632012200994707,0.4526331886964128,0.0796936158292756,0.1983077634289466
150,B07192ZQ3L,Serviettes hygièniques,0.0,0.0861673053803497,0.0772867311382444,0.0799904692519999,0.413382959279172,0.0796936158292756,0.0140145187441992
151,B071HDJH7W,Serviettes hygièniques,0.0246427557769416,0.070897305368159,0.0552924554104281,0.068936567390393,0.3543356740174836,0.0796936158292756,0.0
152,B071V7GS92,Serviettes hygièniques,0.2799470011768895,0.0980399265976108,0.0985404656900607,0.0715011029192767,0.4592929822824404,0.1241031299669401,0.0747329614308777
153,B071VD5LF7,Tampons,0.0547419068097048,0.070897305368159,0.0269236580331692,0.059157449467552,0.3543356740174836,0.3141617823127204,0.0146135689722119
154,B071W8R7GW,Tampons,0.0,0.2089036135442832,0.0269236580331692,0.0762741259354718,0.4028496815205045,0.0796936158292756,0.0230290169816984
155,B07258JQ9M,Protège-slips,0.0713219563983904,0.070897305368159,0.0269236580331692,0.096894885892862,0.3543356740174836,0.1815213216420257,0.006346559639608
156,B0727P5W6L,Hygiène et épilation,0.0,0.0946331584247953,0.0269236580331692,0.0996362883620247,0.4920112816054804,0.0796936158292756,0.0435686388089351
157,B072FGYPPF,Tampons,0.0,0.070897305368159,0.0269236580331692,0.1075204148971439,0.3543356740174836,0.0796936158292756,0.0976023196662128
158,B072L6J47G,Tampons,0.1293988111933923,0.070897305368159,0.0269236580331692,0.1875325229769507,0.5483917040295673,0.2028570355679757,0.0345435254725476
159,B072NBV7SF,Tampons,0.182924519879607,0.092180123626466,0.0269236580331692,0.1753029304079959,0.3543356740174836,0.1319265750380601,0.0195329702142964
160,B072Q2LYJ9,Tampons,0.0765236986189644,0.593968779383376,0.0709707873463431,0.4842998285280233,0.6555822478813998,0.3528294446878384,0.1940688938880382
161,B073ZFFMFP,Tampons,0.0,0.070897305368159,0.0269236580331692,0.059157449467552,0.3543356740174836,0.0796936158292756,0.0
162,B073ZGL2NC,Protège-slips,0.0,0.070897305368159,0.0269236580331692,0.059157449467552,0.3543356740174836,0.0796936158292756,0.0
163,B073ZGQLXG,Tampons,0.0,0.070897305368159,0.0269236580331692,0.0929416647450733,0.3543356740174836,0.0796936158292756,0.0
164,B073ZGWD2F,Tampons,0.0,0.070897305368159,0.0269236580331692,0.0860782771052471,0.3543356740174836,0.0796936158292756,0.0
165,B074G1PNCV,Protège-slips,0.0,0.070897305368159,0.1280871459482515,0.059157449467552,0.3543356740174836,0.0796936158292756,0.023458947038712
166,B074L5CZDP,Protège-slips,0.4273735236606006,0.0482955512813634,0.2356481255452117,0.1670827778153805,0.3980348298757709,0.1906334814931455,0.0414869294103861
167,B074P5PQ7M,Hygiène et soins intimes,0.0,0.070897305368159,0.0269236580331692,0.0751833507947112,0.3543356740174836,0.31032306256179,0.0107807363918418
168,B074PBX6ZY,Tampons,0.0,0.070897305368159,0.0269236580331692,0.059157449467552,0.3543356740174836,0.0796936158292756,0.0077560076835343
169,B0757LWQDW,Tampons,0.0,0.070897305368159,0.0269236580331692,0.1778077569523254,0.3543356740174836,0.2219854294129606,0.0399084476339736
170,B0757XT5HP,Tampons,0.1995207727597555,0.399758784770336,0.0269236580331692,0.7651515305518443,0.8405618545606505,0.22212340588318,0.5770143276649393
171,B0757YRJS6,Tampons,0.0830679163710605,0.1071401099492185,0.0269236580331692,0.174532464746926,0.3543356740174836,0.0796936158292756,0.0554382737107734
172,B0759RB3LK,Tampons,0.2207712975560447,0.1913013576181415,0.6834840963791484,0.234377183195491,0.5405709697396072,0.119093535353818,0.0589357728282133
173,B075DJJ96Q,Protège-slips,0.0509423617377151,0.070897305368159,0.0269236580331692,0.059157449467552,0.3829845243829418,0.1887906755508136,0.0
174,B075FT15H4,Tampons,0.1176035305199897,0.1393117138968661,0.5007727540635617,0.1758305605744602,0.3543356740174836,0.0796936158292756,0.0313947285505375
175,B075FX12L3,Tampons,0.093092475094242,0.0979750070063909,0.1162305516831342,0.1145710342903719,0.3543356740174836,0.2126035028537875,0.0
176,B075LMJBWV,Protège-slips,0.0,0.070897305368159,0.0269236580331692,0.059157449467552,0.3543356740174836,0.1523579220151959,0.0
177,B0766DYYYV,Tampons,0.0,0.1625307432575928,0.0269236580331692,0.059157449467552,0.3543356740174836,0.0796936158292756,0.0
178,B0771Y7YQ1,Serviettes hygièniques,0.0,0.070897305368159,0.0999038161821841,0.0968933585585858,0.3543356740174836,0.0796936158292756,0.0
179,B077PXF7QY,Serviettes hygièniques,0.0459367728734727,0.070897305368159,0.0269236580331692,0.059157449467552,0.3543356740174836,0.0796936158292756,0.0
180,B077RJV4MM,Tampons,0.1553096972669679,0.3690506805264342,0.0269236580331692,0.3919723356175816,0.843454888419086,0.2570844891230988,0.4394817155001871
181,B077RTQKV5,Tampons,0.4243512345097281,0.9254165509325388,0.0645016673758408,0.9464832290901224,0.6113387237876374,0.12629779135086,0.5664112190600398
182,B077XDM51Q,Tampons,0.0647012796644103,0.1838148281598418,0.5731415838770935,0.3480097314483885,0.6454281505073645,0.218256476498183,0.1036335781564639
183,B0787Z96WS,Serviettes hygièniques,0.0,0.070897305368159,0.0269236580331692,0.059157449467552,0.3543356740174836,0.3045832693210689,0.0
184,B0788LW7QD,Protège-slips,0.1121215289876061,0.1035099661237709,0.155998221213887,0.0869660695642587,0.3858630001674822,0.0796936158292756,0.0748282162889403
185,B078JJWVSJ,Serviettes hygièniques,0.1109320301927091,0.0924084204369164,0.0269236580331692,0.059157449467552,0.3543356740174836,0.0796936158292756,0.0098712483660461
186,B0796QM5ZJ,Serviettes hygièniques,0.0286083936131459,0.1125037588340085,0.3672421624574715,0.1102451548225278,0.3543356740174836,0.1205383603612769,0.0840083645923269
187,B079JSS8LD,Tampons,0.1898957701898366,0.5680101925399196,0.1102030672970855,0.6943123789504417,0.5374096530779406,0.0796936158292756,0.1375964486066715
188,B079JYJBF2,Tampons,0.0246364557959388,0.1282251268738681,0.0269236580331692,0.0933756120032422,0.3543356740174836,0.0796936158292756,0.0131535990244671
189,B079KFS95M,Tampons,0.0,0.070897305368159,0.0269236580331692,0.0979646971610072,0.5193234661248272,0.0796936158292756,0.0391588621696152
190,B079LVKBYQ,Tampons,0.0296456885028791,0.1053893352482658,0.0269236580331692,0.2120954131908121,0.3543356740174836,0.0796936158292756,0.0237421021067938
191,B079PVXX8D,Tampons,0.05122706823905,0.1453990987824013,0.0858963773288104,0.1404723065696684,0.4695715258767135,0.2259693238358881,0.0957268822020636
192,B079PVXXGY,Tampons,0.1271784546297748,0.0339050538914393,0.0269236580331692,0.1474780477631254,0.3543356740174836,0.0796936158292756,0.1018523774649766
193,B079Q14QDP,Tampons,0.0,0.1941867005993409,0.0269236580331692,0.0871916167674132,0.3543356740174836,0.0796936158292756,0.0188587812600847
194,B079Q14YXT,Tampons,0.0547419068097048,0.2301244629016217,0.0269236580331692,0.1460515560940816,0.4159069339047145,0.0796936158292756,0.0584542758888478
195,B079Q1FLZ9,Hygiène et soins intimes,0.0893042959580365,0.070897305368159,0.0269236580331692,0.1123161088984361,0.3543356740174836,0.0796936158292756,0.0357602035959651
196,B079Q2CFDL,Tampons,0.0,0.011490788842909,0.0269236580331692,0.0692885654884067,0.4117651685307317,0.0796936158292756,0.0136305458203344
197,B079Q315PN,Tampons,0.0655315699488502,0.070897305368159,0.0269236580331692,0.1111679434236173,0.4280426666906653,0.0796936158292756,0.1049634738483476
198,B079Q31Q7C,Tampons,0.0,0.205905513461653,0.0269236580331692,0.1000892499191152,0.412342427780138,0.2269564483401615,0.2065133225754729
199,B079Q4MMZP,Tampons,0.0687101618157655,0.070897305368159,0.0269236580331692,0.1136906989933683,0.3543356740174836,0.2758912104280721,0.0733698000164307
200,B079Q5LPDC,Tampons,0.0,0.1647145604430086,0.1197512665219707,0.0911564136053478,0.3543356740174836,0.0796936158292756,0.0645777838274128
201,B079Q5NLR1,Tampons,0.0,0.1148469868889246,0.0269236580331692,0.0891379531974578,0.4393097859966978,0.0796936158292756,0.020168095448023
202,B079Q8ZH5R,Tampons,0.0,0.1025969201404661,0.0269236580331692,0.1348416490138089,0.3543356740174836,0.0796936158292756,0.0581866201775667
203,B079Q8ZWC9,Tampons,0.0,0.070897305368159,0.0269236580331692,0.0837308873402586,0.4239844724606775,0.0796936158292756,0.0165307242655982
204,B079Q8ZWDS,Tampons,0.0,0.070897305368159,0.0269236580331692,0.0867941776197491,0.4326667939313008,0.1791239566431857,0.0557742634612827
205,B079Q8ZWFX,Tampons,0.0965832830180341,0.1832695811361281,0.0269236580331692,0.2028861971608577,0.6802334057207803,0.2175873953360294,0.1031331606955633
206,B079Q8ZWLL,Tampons,0.0,0.070897305368159,0.0269236580331692,0.1942943105776371,0.4500906926117288,0.0796936158292756,0.0681806367723511
207,B079Q934H8,Tampons,0.0,0.1082461869476432,0.0269236580331692,0.1101129169365246,0.4265475293897229,0.0796936158292756,0.0171390504437682
208,B079Q934P2,Tampons,0.0,0.1055714641530543,0.0269236580331692,0.0828106071426703,0.421376110931244,0.0796936158292756,0.0
209,B079Q96FNX,Tampons,0.0,0.070897305368159,0.0269236580331692,0.1512540004835693,0.412342427780138,0.0796936158292756,0.0
210,B079Q96FNY,Tampons,0.0481764588449238,0.1409624624750461,0.0269236580331692,0.1738661962685663,0.4627091465857215,0.2860409396866879,0.0257217932365634
211,B079Q96FNZ,Tampons,0.0,0.1501463422989268,0.0269236580331692,0.1240296205072007,0.4769143377143874,0.0796936158292756,0.043639965133175
212,B079QCF3DK,Tampons,0.0,0.0890627055572084,0.0269236580331692,0.2450317820946413,0.4245791295511579,0.0796936158292756,0.0500155876703477
213,B079QDMMM9,Hygiène et soins intimes,0.0,0.0983636113043327,0.0269236580331692,0.1341025829996001,0.3543356740174836,0.0796936158292756,0.0756241766344028
214,B079QDZ2LH,Tampons,0.0,0.070897305368159,0.0269236580331692,0.1380340487576213,0.3543356740174836,0.0796936158292756,0.0265304211935365
215,B079QDZ2MC,Tampons,0.0501214567300664,0.1146336175556808,0.0269236580331692,0.1387173234142021,0.4107100573392281,0.1512529673746415,0.0133801215120024
216,B079QFC2GK,Tampons,0.0,0.1870241941998584,0.0269236580331692,0.2175905713146874,0.4826353751293457,0.0796936158292756,0.0609023279610106
217,B079QFC2JM,Tampons,0.0,0.1348880249434864,0.0269236580331692,0.059157449467552,0.3543356740174836,0.0796936158292756,0.0293647393001723
218,B079QFXG19,Hygiène et soins intimes,0.0,0.070897305368159,0.0269236580331692,0.059157449467552,0.5583891413286575,0.0796936158292756,0.0
219,B079QGT2Z3,Tampons,0.0,0.070897305368159,0.0269236580331692,0.0952953084689142,0.3543356740174836,0.0796936158292756,0.0
220,B079QHDD7X,Tampons,0.0425181392180644,0.1945693300719866,0.0269236580331692,0.4303569136350343,0.6412707355399804,0.0796936158292756,0.158905400769196
221,B079QHDJ32,Tampons,0.0,0.070897305368159,0.0269236580331692,0.1008296001539416,0.3543356740174836,0.0796936158292756,0.0
222,B079QJ25LL,Tampons,0.0,0.070897305368159,0.0269236580331692,0.0854496492309084,0.4288559805139593,0.0796936158292756,0.053060842387073
223,B079QJFFTQ,Tampons,0.0,0.070897305368159,0.0269236580331692,0.0508577469020549,0.3543356740174836,0.0796936158292756,0.0
224,B079QJFSN3,Tampons,0.0,0.070897305368159,0.0269236580331692,0.059157449467552,0.3543356740174836,0.0796936158292756,0.0
225,B079QJFSPX,Tampons,0.0,0.070897305368159,0.0269236580331692,0.059157449467552,0.3543356740174836,0.0796936158292756,0.0
226,B07BFMNKBJ,Tampons,0.0403508638314525,0.1178445436091401,0.119827673346501,0.059157449467552,0.3543356740174836,0.0796936158292756,0.0107718230155754
227,B07BHM7B54,Protège-slips,0.1356775500660152,0.070897305368159,0.0269236580331692,0.059157449467552,0.3543356740174836,0.0796936158292756,0.0
228,B07BPN9MM9,Protège-slips,0.1047374875221666,0.124210833239626,0.2982152426060466,0.4020566799031695,0.7077478644211063,0.1170775386965908,0.0978603058385807
229,B07BPXDNDC,Protège-slips,0.2513517201344108,0.070897305368159,0.0269236580331692,0.0791065017046665,0.3543356740174836,0.0796936158292756,0.0
230,B07BPZYLBL,Protège-slips,0.0,0.070897305368159,0.0269236580331692,0.059157449467552,0.3543356740174836,0.1231419755862312,0.0
231,B07BRTDFS2,Protège-slips,0.0,0.070897305368159,0.0269236580331692,0.059157449467552,0.3543356740174836,0.0796936158292756,0.0
232,B07C11X3M8,Serviettes hygièniques,0.1116376834386852,0.0384253802133504,0.0911824375667072,0.0370065569119146,0.3543356740174836,0.0796936158292756,0.0
233,B07C881G7Z,Tampons,0.061418626015182,0.2138154287576713,0.0269236580331692,0.1444632477168564,0.4924975468745318,0.0796936158292756,0.0
234,B07C94P79Q,Protège-slips,0.0523687437610833,0.0556648688334541,0.0771628403614798,0.0903301067798808,0.4132377057514207,0.0796936158292756,0.0279600873824516
235,B07CBB689J,Tampons,0.1553096972669679,0.3690506805264342,0.0269236580331692,0.3919723356175816,0.843454888419086,0.2570844891230988,0.4394817155001871
236,B07CG98SVR,Hygiène et soins intimes,0.0,0.070897305368159,0.0269236580331692,0.059157449467552,0.3543356740174836,0.3634727631459708,0.053060842387073
237,B07CL4CVP9,Tampons,0.0903026734767269,0.123429775840388,0.2175108429406983,0.112910396216086,0.3543356740174836,0.0796936158292756,0.0602666414148973
238,B07CNM2SWC,Tampons,0.0,0.070897305368159,0.0269236580331692,0.1129991047429422,0.3543356740174836,0.0796936158292756,0.0
239,B07D9GT8JB,Tampons,0.032317119716916,0.2870983083618306,0.0269236580331692,0.3412981485426165,0.4270333892729643,0.0796936158292756,0.1725436637083522
240,B07DB53YY6,Serviettes hygièniques,0.0,0.070897305368159,0.0269236580331692,0.059157449467552,0.3543356740174836,0.0796936158292756,0.0
241,B07DHBZ6MY,Tampons,0.0,0.1699487099244432,0.0269236580331692,0.059157449467552,0.3543356740174836,0.0796936158292756,0.045453757848234
242,B07DHBZ7KH,Tampons,0.1490730136519449,0.1720722645445094,0.0269236580331692,0.14789362366888,0.3543356740174836,0.0796936158292756,0.2255085801450604
243,B07DLCQ9FZ,Tampons,0.343786209099442,0.0958964806181177,0.7195167446913822,0.4428570900580371,0.4510045300170111,1.0,0.0573594318681016
244,B07DPMP7G1,Tampons,0.0769794290432842,0.1156791421343494,0.0712331063049694,0.0973426529134078,0.3976271915021689,0.0796936158292756,0.0308249454940277
245,B07DX8RYP1,Serviettes hygièniques,0.0,0.070897305368159,0.0269236580331692,0.059157449467552,0.3543356740174836,0.0796936158292756,0.0
246,B07DX91LR6,Tampons,0.4524396760368246,0.0990974361934205,0.1633366485689147,0.1296926242363181,0.3543356740174836,0.1258333787497978,0.0086271831854176
247,B07DX94RVK,Protège-slips,0.0,0.070897305368159,0.0269236580331692,0.059157449467552,0.3543356740174836,0.0796936158292756,0.0
248,B07DX95FCL,Protège-slips,0.1124431456836709,0.0927014447253189,0.0269236580331692,0.0814681599905346,0.3543356740174836,0.1867184193870145,0.0
249,B07DXGFW54,Protège-slips,0.0,0.070897305368159,0.0269236580331692,0.059157449467552,0.3543356740174836,0.0796936158292756,0.0
250,B07FCCFV15,Protège-slips,0.0,0.070897305368159,0.0269236580331692,0.059157449467552,0.3543356740174836,0.0796936158292756,0.0
251,B07FDG7TLK,Protège-slips,0.0,0.070897305368159,0.0544248052388122,0.0781175032168151,0.3543356740174836,0.0796936158292756,0.012754561336251
252,B07FDQDV9T,Serviettes hygièniques,0.0,0.1043824034500993,0.0710994914656519,0.0991310085038833,0.3543356740174836,0.0796936158292756,0.0
253,B07FPV5R7D,Serviettes hygièniques,0.0,0.070897305368159,0.1280871459482515,0.059157449467552,0.3543356740174836,0.0796936158292756,0.0
254,B07G2289BJ,Serviettes hygièniques,0.0,0.1247410898857064,0.1334752672176974,0.0775223582302908,0.3543356740174836,0.0796936158292756,0.0370626093702044
255,B07G2C7BD2,Serviettes hygièniques,0.0356532050729465,0.0916381192402709,0.1910998662007129,0.0803801304792562,0.3543356740174836,0.0796936158292756,0.0
256,B07G2L2GT4,Serviettes hygièniques,0.0,0.1180013803694301,0.0735308480320304,0.067190521877884,0.3543356740174836,0.0796936158292756,0.0108078084726008
257,B07G5RKF3P,Serviettes hygièniques,0.0,0.1178059329055837,0.0733374622775699,0.0671571905020009,0.3543356740174836,0.0796936158292756,0.0
258,B07G9JPBW9,Tampons,0.0885921143381298,0.8095996619667218,0.0269236580331692,0.3111122758845472,0.6532690733326075,0.0796936158292756,0.1813167895230074
259,B07G9KLJKC,Protège-slips,0.0,0.070897305368159,0.0269236580331692,0.0940299068597898,0.3543356740174836,0.0796936158292756,0.0
260,B07H82X8HV,Tampons,0.5177665984712666,0.4524228220713132,0.0269236580331692,0.6413171138156502,0.4319837834904749,0.0796936158292756,0.267225034515184
261,B07HK894F8,Protège-slips,0.0719127257230847,0.070897305368159,0.0269236580331692,0.0876949649696531,0.3543356740174836,0.1310291950036609,0.0
262,B07HKDFVZL,Serviettes hygièniques,0.2029168806608794,0.1495935730143339,0.4292319821958995,0.1329716680938906,0.3543356740174836,0.224547749617754,0.0180564884928838
263,B07HKPY7PN,Serviettes hygièniques,0.0836588923281468,0.070897305368159,0.0269236580331692,0.059157449467552,0.3543356740174836,0.2588556896167659,0.0
264,B07HNFG5KW,Protège-slips,0.0,0.070897305368159,0.0269236580331692,0.0791065017046665,0.3543356740174836,0.0796936158292756,0.0
265,B07JGTJ56P,Hygiène et épilation,0.0,0.1659961496850804,0.0269236580331692,0.1240296205072007,0.3543356740174836,0.1574918033268279,0.0290933100887833
266,B07JHCVT2R,"Protections, serviettes hygiéniques, couches pour adultes, protège-slips",0.0,0.070897305368159,0.0658567216618205,0.059157449467552,0.3543356740174836,0.0796936158292756,0.0090282442464419
267,B07JLTBBXL,Protège-slips,0.0,0.070897305368159,0.0269236580331692,0.059157449467552,0.431617805324283,0.0796936158292756,0.0
268,B07JWX5W9T,Tampons,0.0,0.070897305368159,0.0269236580331692,0.059157449467552,0.3543356740174836,0.0796936158292756,0.0
269,B07K4D4MC2,Serviettes hygièniques,0.0,0.070897305368159,0.0269236580331692,0.059157449467552,0.3543356740174836,0.0796936158292756,0.0
270,B07KCMTNY3,Tampons,0.0705270705045365,0.0914114336111463,0.3110919007422257,0.1501172744458372,0.3939985286766679,0.0796936158292756,0.0941374048961135
271,B07KCNK9M7,Serviettes hygièniques,0.0705270705045365,0.0914114336111463,0.3110919007422257,0.1501172744458372,0.3939985286766679,0.0796936158292756,0.0941374048961135
272,B07KSTJZ22,Serviettes hygièniques,0.0,0.070897305368159,0.0269236580331692,0.059157449467552,0.3543356740174836,0.0796936158292756,0.0
273,B07KW1GWWM,Tampons,0.0,0.135841155677776,0.0911824375667072,0.1145346808566454,0.5426833190156601,0.3187744633171027,0.0298021220287483
274,B07KW8LGYM,Tampons,0.188067367871891,0.1666274502852736,0.0269236580331692,0.2737238449815618,0.7773952807571884,0.0796936158292756,0.1129619906753916
275,B07MTMGQ1P,Hygiène et épilation,0.1438053626801273,0.0876287058414549,0.0269236580331692,0.0819842730958046,0.3866848480772586,0.1618190700638333,0.0076778822973971
276,B07MYPM9WZ,Tampons,0.1253588854818673,0.070897305368159,0.4277943206896161,0.0757397307526965,0.3543356740174836,0.0796936158292756,0.0
277,B07NBGP9MF,Serviettes hygièniques,0.0,0.070897305368159,0.0531221931717443,0.059157449467552,0.3543356740174836,0.0796936158292756,0.0060752160781918
278,B07NCRTG3L,Protège-slips,0.0,0.070897305368159,0.0269236580331692,0.059157449467552,0.3543356740174836,0.0796936158292756,0.0
279,B07NDYQZZ7,Protège-slips,0.1424460802838984,0.1371903105986383,0.4860795767519527,0.2117820982385552,0.5145526839869351,0.2017173932728416,0.038026545664298
280,B07NL923F6,Hygiène et soins intimes,0.0,0.070897305368159,0.0269236580331692,0.0787677520241834,0.3543356740174836,0.0796936158292756,0.0131919882764423
281,B07NLXKYWN,Serviettes hygièniques,0.0,0.0920483594492626,0.1106354130104259,0.0832046186326783,0.3543356740174836,0.0796936158292756,0.0
282,B07Q1C27K2,Protège-slips,0.0,0.070897305368159,0.0269236580331692,0.0985957491125866,0.3543356740174836,0.0796936158292756,0.0
283,B07Q46DSW5,Protège-slips,0.054009850104962,0.0866070886260138,0.2134524506575889,0.0805904701066478,0.3543356740174836,0.1568045001235673,0.014418143533644
284,B07Q5V54V4,Tampons,0.2986527179219541,0.3532208211919764,0.0269236580331692,0.4369271092956727,0.6902469563029687,0.3461886987991014,0.3189061065967329
285,B07Q73VT93,Tampons,0.090009575812505,0.1232592698764069,0.0960031457698793,0.3181201001615447,0.7086713480349672,0.2082019892531575,0.420497227200932
286,B07Q758P4F,Protège-slips,0.0,0.070897305368159,0.1171806287056249,0.1408286272423877,0.3543356740174836,0.415503184524745,0.0
287,B07Q843TZ7,Tampons,0.2986527179219541,0.3532208211919764,0.0269236580331692,0.4369271092956727,0.6902469563029687,0.3461886987991014,0.3189061065967329
288,B07Q86RG7M,Serviettes hygièniques,0.1593563316394774,0.1017985011803777,0.0269236580331692,0.1013162722052798,0.4140813099898044,0.2313709811831134,0.0141802680937384
289,B07QBCGYXQ,Protège-slips,0.0,0.070897305368159,0.0269236580331692,0.121766881974255,0.3543356740174836,0.1440518358867503,0.0
290,B07QHP8DYV,Serviettes hygièniques,0.0,0.070897305368159,0.1016437349733918,0.0977930197678248,0.3543356740174836,0.0796936158292756,0.0
291,B07QYVVGTC,Tampons,0.0,0.0422274406449517,0.0269236580331692,0.1178293412670789,0.3543356740174836,0.0796936158292756,0.0
292,B07R96219D,Tampons,0.0352751965975675,0.3889714427212606,0.0269236580331692,0.3391263867093781,0.5527155281237843,0.0796936158292756,0.2919224594905874
293,B07RCCSJNX,Serviettes hygièniques,0.1872991914641896,0.0981370560484107,0.0269236580331692,0.0684483182362498,0.3543356740174836,0.2133989145233244,0.0
294,B07RML6XLB,Serviettes hygièniques,0.0604734303645566,0.070897305368159,0.0965408107675698,0.059157449467552,0.3543356740174836,0.0796936158292756,0.0
295,B07RMZGKDF,Serviettes hygièniques,0.0,0.070897305368159,0.1870294909922471,0.0118511341173154,0.421376110931244,0.0796936158292756,0.0
296,B07RMZYSH6,Serviettes hygièniques,0.0,0.1119937704452196,0.0269236580331692,0.059157449467552,0.5132508472142691,0.0796936158292756,0.0
297,B07RN212T9,Serviettes hygièniques,0.0,0.0914455379066893,0.0269236580331692,0.0871916167674132,0.3543356740174836,0.0796936158292756,0.0188587812600847
298,B07SB4NBKY,Protège-slips,0.0837458419785173,0.1439744768658927,0.0911959291969193,0.0757741069483243,0.4014324715300259,0.0796936158292756,0.0447125688238562
299,B07SC8SH6W,Protège-slips,0.0932564425620788,0.070897305368159,0.0269236580331692,0.1948514620538391,0.3543356740174836,0.8785575347025907,0.0082983923098227
300,B07TDMGPYG,Hygiène et soins intimes,0.0721337122906261,0.9730996682542146,0.0407637407371569,0.6960683896722449,0.6383004336906569,0.1311869483542735,0.3947557976127077
301,B07TFHKHM4,Hygiène et soins intimes,0.0791541303714028,0.5083432594665412,0.0269236580331692,0.5695888195347418,0.5323937584458244,0.0796936158292756,0.1796093248072519
302,B07TM4CG62,Protège-slips,0.0,0.070897305368159,0.0269236580331692,0.059157449467552,0.3543356740174836,0.0796936158292756,0.0
303,B07TQMQN2P,Protège-slips,0.0853321050965895,0.0833075312195426,0.1087857551261288,0.1353487501998513,0.4503134271836405,0.0796936158292756,0.0227797436378664
304,B07TRNMPGT,Protège-slips,0.1189049924965377,0.070897305368159,0.3463189627991718,0.1142074452035762,0.3989153548114773,0.1362812512364929,0.0
305,B07TSXV94W,Protège-slips,0.6652937030803122,0.1538315415007146,0.2457487002819133,0.3797435646523388,0.4077851555168253,0.2153868158665925,0.1268591362025361
306,B07V1G729W,Diffuseurs d'huiles essentielles,0.0747370353876267,0.070897305368159,0.0269236580331692,0.073986600250741,0.3543356740174836,0.2397488338239707,0.0
307,B07VRD3G2W,Tampons,0.0,0.070897305368159,0.0269236580331692,0.1181501806170688,0.5215395004714851,0.2211881114014298,0.0132282748735829
308,B07VVCCXHK,Protège-slips,0.0,0.070897305368159,0.0428775001982008,0.059157449467552,0.4010976670442576,0.1984091635938279,0.011098678370825
309,B07VXHXFNL,Protège-slips,0.0676061370519022,0.070897305368159,0.0658378286081826,0.059157449467552,0.3543356740174836,0.0796936158292756,0.0
310,B07VYVBVQS,Protège-slips,0.0355774362427933,0.070897305368159,0.0269236580331692,0.0732758357210967,0.3543356740174836,0.2828719297312082,0.0
311,B07WDK9264,Serviettes hygièniques,0.1475434541239252,0.070897305368159,0.0608941310782256,0.0708675426866814,0.3543356740174836,0.121823731714507,0.0
312,B07WJJCN8T,Protège-slips,0.0335186835251171,0.070897305368159,0.0526481819699025,0.065808149611998,0.5428372895692603,0.1275488741197413,0.0
313,B07WJJGLKS,Tampons,0.6027948024874958,0.1366476431142127,0.3016077541472955,0.3282690577198331,0.7357088514088489,0.6175820771178311,0.0804592307394763
314,B07WJX7KFK,Serviettes hygièniques,0.0,0.1118183253428075,0.0404201106780424,0.0870719359787191,0.3543356740174836,0.0796936158292756,0.0
315,B07WNTZW6H,Serviettes hygièniques,0.063177409781561,0.089273646212138,0.2087486082473605,0.1155672734453623,0.3543356740174836,0.0796936158292756,0.0252981898823315
316,B07WYYXGL5,Protège-slips,0.0416168460329758,0.070897305368159,0.0269236580331692,0.0756724873398177,0.3543356740174836,0.1985279318996074,0.0
317,B07WZP3NPQ,Tampons,0.024247178775415,0.3459545213204778,0.0269236580331692,0.5691308145581417,0.463424263211352,0.1489299271088087,0.1424033703146745
318,B07X3VGTLF,Tampons,0.0262175918121632,0.2462925663171527,0.0269236580331692,0.3972896794788774,0.5902427153553798,0.0796936158292756,0.1049833505702134
319,B07XJWLJGS,Serviettes hygièniques,0.0,0.0898690397063158,0.0269236580331692,0.0720991166743815,0.3910164012106657,0.0796936158292756,0.008705950434833
320,B07XLKC4WZ,Serviettes hygièniques,0.0,0.070897305368159,0.0269236580331692,0.059157449467552,0.3543356740174836,0.0796936158292756,0.0
321,B07XM84QGQ,Protège-slips,0.0,0.070897305368159,0.0269236580331692,0.059157449467552,0.3543356740174836,0.0796936158292756,0.0
322,B07XTKX2M2,Protège-slips,0.0,0.070897305368159,0.0269236580331692,0.0248086946542147,0.3543356740174836,0.0796936158292756,0.0
323,B07XYGBR28,Protège-slips,0.0,0.070897305368159,0.0269236580331692,0.059157449467552,0.3543356740174836,0.0796936158292756,0.0
324,B07Y5272G2,Serviettes hygièniques,0.0408743786224364,0.070897305368159,0.1210330162199889,0.0997084507627959,0.4003093555269655,0.3131221089230714,0.0
325,B07Y53L5NM,Protège-slips,0.0,0.070897305368159,0.0269236580331692,0.1018398863560132,0.3543356740174836,0.0796936158292756,0.0
326,B07Y5JZ1RG,Hygiène et soins intimes,0.069855390301312,0.8836476010225764,0.0671325013765252,0.5165554669831068,0.5900463739964357,0.1794274774931904,0.3822875523838102
327,B07YQDXWG1,Protège-slips,0.0310854808540262,0.070897305368159,0.0269236580331692,0.1085007267716564,0.3543356740174836,0.0796936158292756,0.0
328,B07YQFH15Y,Serviettes hygièniques,0.2282011018740588,0.2510623440757379,0.6774328510494811,0.1238419325072982,0.3543356740174836,0.2193251993928799,0.0
329,B07YQFN9YT,Serviettes hygièniques,0.0,0.070897305368159,0.0863876080778048,0.0714562784643123,0.3543356740174836,0.0796936158292756,0.0
330,B07YQFRD13,Serviettes hygièniques,0.0468247978660474,0.070897305368159,0.134733288978419,0.105611793311041,0.3543356740174836,0.0796936158292756,0.0
331,B07YQFT84H,Tampons,0.0,0.070897305368159,0.0269236580331692,0.1123623975623316,0.3543356740174836,0.1343846682879247,0.0204521956030332
332,B07YQFV3GB,Hygiène et épilation,0.0305881301534385,0.1064858429434132,0.0973499102207654,0.059157449467552,0.3543356740174836,0.0796936158292756,0.0
333,B07YQFYH3V,Protège-slips,0.0329128349924069,0.0804706239966576,0.1027023213825348,0.091809894823006,0.3543356740174836,0.1266838927132961,0.0
334,B07YQFZ3JD,Serviettes hygièniques,0.0,0.070897305368159,0.1425009827433001,0.0989985563187322,0.3543356740174836,0.0796936158292756,0.0
335,B07YQG6J8C,Tampons,0.0763909515039465,0.0931170539632035,0.0269236580331692,0.1122080590290328,0.397296244832387,0.0796936158292756,0.0
336,B07YTNQH9G,Serviettes hygièniques,0.0,0.070897305368159,0.0269236580331692,0.059157449467552,0.3543356740174836,0.0796936158292756,0.0
337,B07YV42X6F,Serviettes hygièniques,0.0,0.1261782734060713,0.0269236580331692,0.113029163375206,0.3543356740174836,0.0796936158292756,0.0
338,B07ZH5X3Y8,Tampons,0.0,0.070897305368159,0.0269236580331692,0.059157449467552,0.3543356740174836,0.0796936158292756,0.0
339,B081KWP56B,Tampons,0.0573600717280304,0.4629773774226464,0.0269236580331692,0.5770044879818705,0.5156258121101271,0.0796936158292756,0.3139062187024485
340,B081QR9FFC,Serviettes hygièniques,0.0,0.0903611862061048,0.1039579097241199,0.0724348369677268,0.3543356740174836,0.0796936158292756,0.0
341,B081QRMD13,Serviettes hygièniques,0.0662546727341977,0.070897305368159,0.103196190338658,0.0854496492309084,0.4288559805139593,0.0796936158292756,0.0176869474623576
342,B0828BF2N4,Serviettes hygièniques,0.0,0.070897305368159,0.0269236580331692,0.059157449467552,0.3543356740174836,0.0796936158292756,0.0
343,B082DC61S2,Serviettes hygièniques,0.0,0.070897305368159,0.1967369804139849,0.0415963472218578,0.3543356740174836,0.1428742633987482,0.0
344,B082J6FMKW,Culottes et slips,0.1725020507508934,0.3002709007244973,0.3673546740081015,0.3134185840515275,0.4652057469193503,0.1852440900229088,0.1710432512145241
345,B082VVC4ZB,Tampons,0.0877541794454983,0.070897305368159,0.0269236580331692,0.059157449467552,0.3543356740174836,0.0796936158292756,0.0
346,B082VVCPYP,Tampons,0.1272645909146845,0.070897305368159,0.0269236580331692,0.0928261796269533,0.4020495228663451,0.2008256578020047,0.0
347,B082VVDS19,Protège-slips,0.1052434138534588,0.1117133470776238,0.0,0.0800396057489193,0.3543356740174836,0.1297796198490296,0.0187300976144283
348,B082VVRKTP,Serviettes hygièniques,0.1257670193861895,0.0891881598299263,0.1717069412829695,0.0653960501972874,0.3543356740174836,0.0796936158292756,0.0083935010640868
349,B083F5FQVN,Tampons,0.1872991914641896,0.425014064211432,0.0987967453300024,0.412210462678069,0.4070021222031419,0.480809511911422,0.4375022877106274
350,B083SL43LW,Serviettes hygièniques,0.0,0.1244425844160971,0.0975642553080885,0.0895959415238419,0.3543356740174836,0.0796936158292756,0.0327618998594898
351,B083SLGSVK,Serviettes hygièniques,0.0,0.1244425844160971,0.0975642553080885,0.0895959415238419,0.3543356740174836,0.0796936158292756,0.0327618998594898
352,B083XVMFDC,Tampons,0.0555377103005246,0.070897305368159,0.0269236580331692,0.059157449467552,0.4168020182451771,0.2382780942024232,0.0
353,B0846FWYLN,Serviettes hygièniques,0.0495526446523645,0.070897305368159,0.1410138960223477,0.059157449467552,0.3543356740174836,0.0796936158292756,0.0
354,B0846G2HMX,Serviettes hygièniques,0.0977917982818715,0.070897305368159,0.0269236580331692,0.0882628852376434,0.3543356740174836,0.0796936158292756,0.0
355,B08496LDTN,Tampons,0.0,0.2327362737655852,0.0269236580331692,0.3351556835725388,0.3543356740174836,0.0796936158292756,0.061888650249314
356,B08496NK3Q,Tampons,0.1097168718251612,0.6612918916508231,0.0479747107498942,0.3748191076546962,0.6628473071911465,0.1580160421274405,0.190380799414582
357,B084DW23M5,Protège-slips,0.2205639369495442,0.070897305368159,0.2667310543409089,0.2196246773300627,0.3956824236258464,0.4470808032895197,0.0098134028487517
358,B084K46K4T,Tampons,0.0391618698275429,0.1392431147826348,0.0269236580331692,0.1135503068679781,0.3983832018685609,0.0796936158292756,0.0
359,B084WWBCNG,Protège-slips,0.2990132633099189,0.0957469183749598,0.0924902788842603,0.0845843885143721,0.3543356740174836,0.2016670130349478,0.0456130146682223
360,B0852RH5CD,Serviettes hygièniques,0.0,0.070897305368159,0.0723536470747945,0.0826479704524613,0.3543356740174836,0.1923779873686351,0.0
361,B0853BWTSN,Protège-slips,0.0,0.070897305368159,0.0269236580331692,0.1841739015267208,0.3543356740174836,0.0796936158292756,0.0
362,B085WDK4Y4,Protège-slips,0.0718042530728002,0.070897305368159,0.0407005283683836,0.0734046843246507,0.3543356740174836,0.1309517607766733,0.0
363,B085WDWJ9N,Hygiène et soins intimes,0.3286747499743113,0.0900175550055549,0.0269236580331692,0.0526359606224071,0.5022071650080114,0.1266191313907341,0.0614187189607692
364,B0861KCCKX,Protège-slips,0.0408016407566079,0.070897305368159,0.0269236580331692,0.0753489850253411,0.3543356740174836,0.1379468898762443,0.0108921597022337
365,B0865LR99T,Protège-slips,0.0,0.070897305368159,0.0269236580331692,0.059157449467552,0.3543356740174836,0.0796936158292756,0.0
366,B086694C6G,Tampons,0.0567897194864552,0.0956748463909386,0.0269236580331692,0.0816936206932861,0.3862729482302589,0.0796936158292756,0.0227403610230313
367,B086BFSL34,Tampons,0.0901571935623265,0.6128583116746142,0.0615200478663922,0.8581897624261701,0.4219388726032426,0.0796936158292756,0.409152942146314
368,B086N6FBH9,Protège-slips,0.0591953723776185,0.070897305368159,0.0269236580331692,0.059157449467552,0.3543356740174836,0.8403227883167995,0.0
369,B086N95H6B,Protège-slips,0.046546237547121,0.070897305368159,0.0805077942231482,0.059157449467552,0.3543356740174836,0.0796936158292756,0.0
370,B086RBKNZM,Serviettes hygièniques,0.0355899736729736,0.070897305368159,0.1498374377576711,0.1015275341166653,0.3943656920805351,0.1813185726325321,0.0
371,B086X2MBZF,Protège-slips,0.0932757252412769,0.0980283087668345,0.0269236580331692,0.0961725594954032,0.3543356740174836,0.0796936158292756,0.0124501622585499
372,B088WCR7GC,Protège-slips,0.0,0.070897305368159,0.1539295253757502,0.059157449467552,0.3543356740174836,0.0796936158292756,0.0
373,B088X8CLLX,Serviettes hygièniques,0.1234281617483484,0.1067987134486057,0.3466279241350277,0.1387510289945727,0.5972820521725285,0.1237487959526121,0.0082374092351814
374,B0894TYCWP,Serviettes hygièniques,0.0,0.070897305368159,0.0269236580331692,0.059157449467552,0.3543356740174836,0.0796936158292756,0.0
375,B089PR8GSX,Protège-slips,0.1062375544263182,0.070897305368159,0.1696080624520027,0.1223956835741437,0.4738269459621253,0.0796936158292756,0.0
376,B08BD4DFDS,Serviettes hygièniques,0.0303015765217878,0.070897305368159,0.061806902924248,0.0711821878018832,0.3543356740174836,0.0796936158292756,0.0
377,B08BX8TTVS,Protège-slips,0.0,0.070897305368159,0.1048674731468745,0.0752784379440826,0.3543356740174836,0.3116914658860851,0.0216894043702695
378,B08CKLZ7W5,Tampons,0.0,0.070897305368159,0.0269236580331692,0.059157449467552,0.3543356740174836,0.0796936158292756,0.0240284129829104
379,B08D8LJYDG,Serviettes hygièniques,0.0,0.070897305368159,0.0269236580331692,0.059157449467552,0.3543356740174836,0.0796936158292756,0.0
380,B08DDTTMZY,Protège-slips,0.0,0.070897305368159,0.0426226450993812,0.059157449467552,0.3543356740174836,0.0796936158292756,0.0
381,B08DTX45DY,Tampons,0.0,0.303032968626431,0.0269236580331692,0.6450618825866148,0.4889818500182643,0.0796936158292756,0.0958723851080429
382,B08FN42SS8,Protège-slips,0.0421866839686338,0.0954388902911643,0.0754890660726574,0.059157449467552,0.3543356740174836,0.0796936158292756,0.0
383,B08FN4JBZJ,Serviettes hygièniques,0.0,0.070897305368159,0.1016437349733918,0.0977930197678248,0.3543356740174836,0.0796936158292756,0.0
384,B08FTHY5HJ,Protège-slips,0.0,0.070897305368159,0.0269236580331692,0.059157449467552,0.3543356740174836,0.0796936158292756,0.0
385,B08G4K7R4X,Serviettes hygièniques,0.0,0.089958398084445,0.0269236580331692,0.0981653199346009,0.3543356740174836,0.0796936158292756,0.0
386,B08GCYDBSJ,Protège-slips,0.1872991914641896,0.0981370560484107,0.0269236580331692,0.0684483182362498,0.3543356740174836,0.2133989145233244,0.0
387,B08GSHZMYM,Tampons,0.1312699385145121,0.4527206724627203,0.043714575417895,0.7971353681884403,0.6004133127253164,0.3295823804512769,0.2219391920674771
388,B08KFF4MSX,Protège-slips,0.0,0.070897305368159,0.0269236580331692,0.0864240742304601,0.3543356740174836,0.1777924131286739,0.0
389,B08KH6FJ6R,Tampons,0.0,0.070897305368159,0.0269236580331692,0.0833389321823479,0.3543356740174836,0.0796936158292756,0.0
390,B08KH9VGG8,Tampons,0.604715080039628,0.0818906043008037,0.7375761675568704,0.5541004266287053,0.6093943999603755,0.4034547988171616,0.0302683288465886
391,B08KSJG8WJ,Serviettes hygièniques,0.2004858269202656,0.070897305368159,0.2000234683504998,0.1088823706842083,0.3543356740174836,0.2228123189200075,0.0
392,B08KTB31HW,Serviettes hygièniques,0.0,0.070897305368159,0.0269236580331692,0.059157449467552,0.3543356740174836,0.0796936158292756,0.0
393,B08KWNCSFB,Protège-slips,0.0968172884245004,0.070897305368159,0.0269236580331692,0.0783677133082302,0.3543356740174836,0.0796936158292756,0.0
394,B08KWP7T9K,Protège-slips,0.0,0.1380350180755533,0.0269236580331692,0.1278549590942264,0.3543356740174836,0.0796936158292756,0.0
395,B08KWR5R95,Protège-slips,0.0,0.1337856917170901,0.0932969892001184,0.0934771612153798,0.3543356740174836,0.0796936158292756,0.0
396,B08L5SWSQM,Protège-slips,0.0,0.070897305368159,0.0269236580331692,0.059157449467552,0.3543356740174836,0.0796936158292756,0.0
397,B08LFP63NP,Tampons,0.1526861604947182,0.070897305368159,0.0269236580331692,0.0894530864932779,0.7550497321508499,0.0796936158292756,0.0951070765385025
398,B08LM39SV3,Serviettes hygièniques,0.124279074840619,0.070897305368159,0.0746137773837233,0.1516293309006437,0.3543356740174836,0.0796936158292756,0.0
399,B08LM39WF7,Serviettes hygièniques,0.0639548396978828,0.070897305368159,0.0760069641673524,0.059157449467552,0.3543356740174836,0.2623126838111116,0.0
400,B08LM4H7CP,Protège-slips,0.0754686245674703,0.070897305368159,0.0848434279938078,0.0741317604942934,0.3967775486924793,0.0796936158292756,0.0
401,B08LNXYQ8Y,Tampons,0.0719400516794426,0.2696859497328902,0.0269236580331692,0.2661330551828614,0.4757081254828713,0.0796936158292756,0.3360819333146406
402,B08MPVT6JM,Tampons,0.0,0.1794881205938399,0.0269236580331692,0.2708025612834242,0.4743093448624844,0.1558384672876682,0.1423751533551513
403,B08N5NMXBC,Serviettes hygièniques,0.0376549584484496,0.070897305368159,0.1280701000544656,0.0741002700830784,0.3543356740174836,0.0796936158292756,0.0
404,B08N5W5S34,Serviettes hygièniques,0.0385365601571316,0.070897305368159,0.0712870351087623,0.1050354636225113,0.3543356740174836,0.0796936158292756,0.0
405,B08NB4KTVM,Serviettes hygièniques,0.0978365370498684,0.2036994457352568,0.2646973582316924,0.2403407903631653,0.5377393099833941,0.312498739139967,0.0348238017393322
406,B08NK7TQ1T,Tampons,0.0,0.070897305368159,0.1023686447682679,0.1176730494542663,0.3543356740174836,0.0796936158292756,0.0
407,B08PBV8BHL,Shorties,0.0,0.1384453827523518,0.0937591935280897,0.1167552896534905,0.3543356740174836,0.0796936158292756,0.0464957660058756
408,B08Q6F41GG,Serviettes hygièniques,0.0655945421051378,0.070897305368159,0.064679952233348,0.059157449467552,0.3543356740174836,0.1733441839529896,0.0
409,B08QZ61MKR,Serviettes hygièniques,0.0,0.070897305368159,0.0905445940573806,0.081088468518822,0.3543356740174836,0.0796936158292756,0.0
410,B08S41Y6Q7,Tampons,0.0,0.1625307432575928,0.0269236580331692,0.1841739015267208,0.4429195925218545,0.0796936158292756,0.0420497227200932
411,B08VRGG5RZ,Tampons,0.2140725307887238,0.2680762397622155,0.0269236580331692,0.2644570505133238,0.6352448024849485,0.2834505493041309,0.2952621375398566
412,B08WGLLCPP,Tampons,0.0,0.2343859070696038,0.0269236580331692,0.2202485377443628,0.4245791295511579,0.0796936158292756,0.1833904881246083
413,B08WLB3ZJ7,Serviettes hygièniques,0.0,0.070897305368159,0.0269236580331692,0.0823416284127791,0.3543356740174836,0.0796936158292756,0.0
414,B08WLCFDQK,Serviettes hygièniques,0.0,0.1435589061243567,0.0988187760664627,0.1087239381681091,0.3543356740174836,0.0796936158292756,0.0166718625567825
415,B08WLRY4YT,Serviettes hygièniques,0.0,0.1119937704452196,0.1895754673364144,0.129242867717205,0.3543356740174836,0.0796936158292756,0.0
416,B08XKLPQDT,Protège-slips,0.0,0.070897305368159,0.0269236580331692,0.059157449467552,0.3543356740174836,0.0796936158292756,0.0
417,B08XWX3W5S,Serviettes hygièniques,0.0,0.070897305368159,0.0413137114146211,0.066598125947162,0.4386924789698697,0.0796936158292756,0.0100107906651978
418,B08XWX982S,Serviettes hygièniques,0.0,0.1133012676172449,0.0548947628005643,0.059157449467552,0.3543356740174836,0.0796936158292756,0.0
419,B08XZRLFXZ,Tampons,0.0,0.070897305368159,0.0269236580331692,0.059157449467552,0.3543356740174836,0.0796936158292756,0.0299568268975933
420,B08YD8GB4L,Serviettes hygièniques,0.0,0.0927798143737785,0.113530369223161,0.0815483503852082,0.3543356740174836,0.0796936158292756,0.0401667102009863
421,B08YG9YWX1,Tampons,0.0655315699488502,0.109019490800731,0.0269236580331692,0.059157449467552,0.3543356740174836,0.0796936158292756,0.0
422,B08YH7KBHP,Serviettes hygièniques,0.0,0.1167789199178795,0.0269236580331692,0.1374034041903449,0.3986903691782777,0.0796936158292756,0.0105273206713791
423,B08YLH3MB2,,0.5443710757706364,0.4491553850518085,0.3054486535754985,0.3291895935959922,0.3883514713945989,0.3387632420507346,0.04844067203033
424,B08YP4JKMH,Tampons,0.2363363253807012,0.18874223626153,0.5062867141378724,0.3003230462100373,0.4302844105984657,0.4171154565778212,0.0721039070768611
425,B08YP4PPKM,Tampons,0.2778462316558737,0.3941645664209337,0.2993946263961569,0.2306717937832078,0.3890589043236557,0.4763799346985934,0.123620254469362
426,B08YP68DN5,Tampons,0.4005175919937859,0.1582708754061118,0.4495773704047686,0.4565063496608111,0.504497126691406,0.4609113089481056,0.0980097786126468
427,B08YP71V36,Tampons,0.3189862813792015,0.1984741701959034,0.4094421413758174,0.4705588605450175,0.4440310663406564,0.6489720480757979,0.063865988999007
428,B08YYQNPXX,Tampons,0.2639993099251848,0.0964936976996068,0.6009883760988523,0.1639217220462996,0.7007594575541343,0.5194298905179442,0.0587297183737014
429,B08Z2YH7GG,Serviettes hygièniques,0.0,0.0927798143737785,0.113530369223161,0.0815483503852082,0.3543356740174836,0.0796936158292756,0.0401667102009863
430,B08Z62C1WQ,Tampons,0.0,0.1688187728350577,0.0269236580331692,0.1704868462931056,0.4805525877512765,0.2399082375892946,0.0748920672439834
431,B08Z89J8DF,Tampons,0.0,0.070897305368159,0.0269236580331692,0.059157449467552,0.3543356740174836,0.1555322985061945,0.0
432,B08ZHFYP3T,Protège-slips,0.0,0.070897305368159,0.0929609871926302,0.059157449467552,0.3543356740174836,0.1615929855127408,0.0
433,B08ZMR1GS5,Serviettes hygièniques,0.0441251137213153,0.1350704118888133,0.5687576084194239,0.1116886713420882,0.9002652740451867,0.5836796897805098,0.0117793739815219
434,B08ZMS4BYX,Serviettes hygièniques,0.0,0.111023936062671,0.1327992537641281,0.0933731866349807,0.3543356740174836,0.0796936158292756,0.0092068666922207
435,B08ZMSXLPN,Protège-slips,0.0351713661273439,0.070897305368159,0.0269236580331692,0.059157449467552,0.3938948609479565,0.1299084403223476,0.0093891355764344
436,B091BVF2K2,Produits d'hygiène féminine,0.0,0.070897305368159,0.0269236580331692,0.059157449467552,0.3543356740174836,0.0796936158292756,0.0
437,B091MDVJ7S,Serviettes hygièniques,0.0,0.070897305368159,0.0269236580331692,0.059157449467552,0.3543356740174836,0.0796936158292756,0.0115289674864817
438,B09286JWWD,Serviettes hygièniques,0.0,0.0936638052163302,0.147064157866542,0.0902180219220988,0.3543356740174836,0.0796936158292756,0.0208946652657028
439,B09288Q37D,Tampons,0.0,0.1205382087736935,0.256137529893456,0.0760888496302852,0.4503134271836405,0.0796936158292756,0.0113898718189332
440,B092SD2XQ7,Tampons,0.0696427988395163,0.1114111476807363,0.0269236580331692,0.1144309057719463,0.3543356740174836,0.0796936158292756,0.0185914211537609
441,B092ZKSW26,Tampons,0.0,0.0,0.0269236580331692,0.1558833803267359,0.3543356740174836,0.0796936158292756,0.0162670532777021
442,B094G1XS16,Tampons,0.0,0.0993418937611736,0.0269236580331692,0.0785610733142796,0.5193234661248272,0.0796936158292756,0.0
443,B094MNQLYM,Serviettes hygièniques,0.0327595190812725,0.070897305368159,0.0269236580331692,0.0786576549087238,0.3543356740174836,0.173236385546408,0.0087452834490193
444,B094XXX5HW,Diffuseurs d'huiles essentielles,0.0,0.070897305368159,0.0269236580331692,0.059157449467552,0.3543356740174836,0.0796936158292756,0.0
445,B095HF9F2F,Serviettes hygièniques,0.0,0.070897305368159,0.1428865144369933,0.1041282050624107,0.4393097859966978,0.0796936158292756,0.0
446,B095HRKBDT,Culottes et sous-vêtements de protection,0.0285084558428782,0.070897305368159,0.0597426582564273,0.0930969431681478,0.3543356740174836,0.0796936158292756,0.0456626716200505
447,B095XD38J5,Protège-slips,0.0,0.1035377945237919,0.0269236580331692,0.1593539066105502,0.3543356740174836,0.0796936158292756,0.0299568268975933
448,B09642TX95,Serviettes hygièniques,0.0,0.070897305368159,0.0269236580331692,0.059157449467552,0.3543356740174836,0.0796936158292756,0.0
449,B096SCZRD6,Serviettes hygièniques,0.0343550809078827,0.070897305368159,0.1192061712098417,0.1136906989933683,0.3543356740174836,0.0796936158292756,0.0275136750061615
450,B096SM1MTD,Serviettes hygièniques,0.0,0.1032542974305604,0.1407571480413298,0.0885874365997533,0.3543356740174836,0.0796936158292756,0.0593932771974334
451,B096SMDLMD,Serviettes hygièniques,0.0,0.1032542974305604,0.1407571480413298,0.0885874365997533,0.3543356740174836,0.0796936158292756,0.0593932771974334
452,B097B1NFH5,Protège-slips,0.0295578217652733,0.0880922049134953,0.0269236580331692,0.065022244525404,0.3543356740174836,0.0796936158292756,0.0078905776617666
453,B097B1TM45,Serviettes hygièniques,0.0,0.0802860848468993,0.0393099785800646,0.0719666589289968,0.3543356740174836,0.0796936158292756,0.0
454,B097B1YJ1B,Protège-slips,0.0419167239408665,0.070897305368159,0.0269236580331692,0.0841085095316495,0.3543356740174836,0.4387654121980981,0.0
455,B097B1ZWRX,Protège-slips,0.0424696385795712,0.070897305368159,0.0269236580331692,0.0760109056138275,0.4498715918067399,0.1403283219090992,0.0
456,B097B25TYH,Protège-slips,0.0,0.070897305368159,0.0269236580331692,0.059157449467552,0.3543356740174836,0.0796936158292756,0.0
457,B097B2YRYV,Protège-slips,0.0310854808540262,0.070897305368159,0.0269236580331692,0.059157449467552,0.3543356740174836,0.0796936158292756,0.0
458,B097JTKJMB,Serviettes hygièniques,0.0744449951225239,0.0600704401228927,0.0983413666658901,0.059157449467552,0.3543356740174836,0.0796936158292756,0.0
459,B0983JCQS9,Hygiène et soins intimes,0.0,0.070897305368159,0.0269236580331692,0.059157449467552,0.3543356740174836,0.0796936158292756,0.0220886802417507
460,B098BRY6TD,Culottes et slips,0.0,0.1067369296425868,0.0552929093644135,0.0982745470958559,0.3543356740174836,0.0796936158292756,0.013157173170348
461,B098P53NDB,Protège-slips,0.0368262602453403,0.070897305368159,0.0269236580331692,0.059157449467552,0.3543356740174836,0.0796936158292756,0.0
462,B09926D5LG,Serviettes hygièniques,0.0878763767488209,0.122018307538196,0.06064482067153,0.1637748216442654,0.3543356740174836,0.0796936158292756,0.0
463,B099P53C5J,Tampons,0.6122395552303436,0.868023654420857,0.0157361724727538,0.7186157756765854,0.6166670253504883,0.0796936158292756,0.5292335592620303
464,B099P716VY,Tampons,0.1457713226738913,0.1980983185148661,0.0157361724727538,0.0822963381064654,0.3543356740174836,0.0796936158292756,0.0233485393792072
465,B09BF5XGZ9,Serviettes hygièniques,0.0504220823090399,0.070897305368159,0.1043183482110736,0.09917598418652,0.4110481876078004,0.0796936158292756,0.0
466,B09BTBF7RH,Culottes et sous-vêtements de protection,0.1993028355283366,0.3938785218021213,0.7480141526995496,0.3924670811649612,0.386359525050543,0.0796936158292756,0.1900167207413715
467,B09BTQ5434,Culottes et sous-vêtements de protection,0.0,0.1205867232810762,0.1252541800331302,0.1156506073823671,0.3543356740174836,0.0796936158292756,0.0228020064889645
468,B09C7WN24K,Serviettes hygièniques,0.0910651083971598,0.1238733129849993,0.0618684457514655,0.059157449467552,0.3543356740174836,0.0796936158292756,0.0243101915895981
469,B09CNSW4B1,Culottes et sous-vêtements de protection,0.0770731203142632,0.1157336458797725,0.0269236580331692,0.1814988205474435,0.3543356740174836,0.0796936158292756,0.0411499498375675
470,B09D3L71W6,Protège-slips,0.0,0.070897305368159,0.0269236580331692,0.059157449467552,0.3543356740174836,0.0796936158292756,0.0
471,B09DS438VR,Tampons,0.0521199493485717,0.1315375853234044,0.0269236580331692,0.1418896139098256,0.412957872871567,0.0796936158292756,0.0695681351840047
472,B09DT8W595,Serviettes hygièniques,0.061418626015182,0.070897305368159,0.0269236580331692,0.059157449467552,0.3543356740174836,0.0796936158292756,0.0
473,B09DTRB4CB,Protège-slips,0.0,0.070897305368159,0.0269236580331692,0.059157449467552,0.3543356740174836,0.0796936158292756,0.0313947285505375
474,B09F9Z1NFL,Protège-slips,0.0,0.070897305368159,0.0269236580331692,0.059157449467552,0.3543356740174836,0.0796936158292756,0.0
475,B09F9ZJG2X,Protège-slips,0.0,0.1258299172405064,0.0269236580331692,0.077893732850564,0.3543356740174836,0.0796936158292756,0.0126040294390671
476,B09FPX4J56,Tampons,0.0993820091012966,0.1287115677546449,0.0269236580331692,0.059157449467552,0.3543356740174836,0.0796936158292756,0.0
477,B09FQ2NXJH,Tampons,0.0993820091012966,0.1287115677546449,0.0269236580331692,0.059157449467552,0.3543356740174836,0.0796936158292756,0.0
478,B09GB1TLRN,Serviettes hygièniques,0.1121215289876061,0.1035099661237709,0.155998221213887,0.0869660695642587,0.3858630001674822,0.0796936158292756,0.0748282162889403
479,B09H7T28TP,Serviettes hygièniques,0.0757940457091378,0.0598742417231711,0.0269236580331692,0.0741963298092628,0.3543356740174836,0.1337999119726214,0.0
480,B09HTT2TYC,Serviettes hygièniques,0.0,0.1412566551563844,0.0965408107675698,0.059157449467552,0.4903713188915994,0.0796936158292756,0.0
481,B09KBR6K7M,Tampons,0.0,0.1916889663389463,0.0269236580331692,0.2308213234028098,0.4321835200869124,0.0796936158292756,0.0277150785112406
482,B09KHDQJWK,Protège-slips,0.0,0.070897305368159,0.0544465103007003,0.0876199761990736,0.3543356740174836,0.0796936158292756,0.0
483,B09KW8T7LQ,Protège-slips,0.0,0.070897305368159,0.0269236580331692,0.0677265345757918,0.3543356740174836,0.2030116943056455,0.0
484,B09L6P6PH2,Tampons,0.0,0.070897305368159,0.0269236580331692,0.059157449467552,0.3543356740174836,0.0796936158292756,0.0
485,B09M7FH2FG,Protège-slips,0.0,0.070897305368159,0.0269236580331692,0.1036892081977734,0.3543356740174836,0.0796936158292756,0.0
486,B09MCLTNJ2,Serviettes hygièniques,0.0,0.070897305368159,0.0958925270400802,0.1126501323480565,0.3543356740174836,0.0796936158292756,0.0119949678389235
487,B09MDVWW5S,Serviettes hygièniques,0.0,0.070897305368159,0.365711086909077,0.1828118648254652,0.4711607528754962,0.0796936158292756,0.0415915968920199
488,B09MG2X5ZZ,Serviettes hygièniques,0.6300670306875351,0.070897305368159,0.0269236580331692,0.059157449467552,0.3543356740174836,0.9792522297964488,0.0
489,B09MJ5PYQ5,Protège-slips,0.0,0.070897305368159,0.0269236580331692,0.0,0.3543356740174836,0.0796936158292756,0.0
490,B09MSB2FRH,Tampons,0.0,0.070897305368159,0.0269236580331692,0.1711538239498375,0.3543356740174836,0.0796936158292756,0.0215259279424709
491,B09MSBV169,Tampons,0.0993820091012966,0.070897305368159,0.0269236580331692,0.059157449467552,0.4661161337621972,0.0796936158292756,0.0
492,B09MSFN9CS,Tampons,0.4445531106351441,0.1463261870255123,0.7803636608018458,0.4193368757420522,0.81268142736202,0.502824870717473,0.0
493,B09MSG7M4S,Tampons,0.6027948024874958,0.1366476431142127,0.3016077541472955,0.3282690577198331,0.7357088514088489,0.6175820771178311,0.0804592307394763
494,B09MSL6TVC,Tampons,0.0,0.070897305368159,0.0269236580331692,0.059157449467552,0.3543356740174836,0.0796936158292756,0.0
495,B09MZR5PLK,Serviettes hygièniques,0.075179349269961,0.070897305368159,0.0269236580331692,0.0691020585922792,0.3543356740174836,0.0796936158292756,0.0133796168221627
496,B09MZRBLFV,Serviettes hygièniques,0.0769329093874629,0.1044633862642673,0.2040543440498786,0.0896871515778656,0.3543356740174836,0.3542900395682325,0.0205375450562001
497,B09MZRD6DY,Serviettes hygièniques,0.0386556184780018,0.070897305368159,0.0862575744193208,0.059157449467552,0.3543356740174836,0.0796936158292756,0.0
498,B09NNRJPDS,Serviettes hygièniques,0.0600817147778133,0.070897305368159,0.0269236580331692,0.0949212767239481,0.3543356740174836,0.0796936158292756,0.0
499,B09NSZBRRP,Protège-slips,0.0,0.0978191976269327,0.1157166656869427,0.0958872669930296,0.3022837863056583,0.0796936158292756,0.0123542031234014
500,B09NTPXH26,Protège-slips,0.0356659615186613,0.070897305368159,0.0269236580331692,0.059157449467552,0.3543356740174836,0.0796936158292756,0.0
501,B09NTRH1NW,Serviettes hygièniques,0.0,0.070897305368159,0.0269236580331692,0.059157449467552,0.3543356740174836,0.1660326758832826,0.0
502,B09PZYJ329,Tampons,1.0,0.1766677980893917,0.0269236580331692,0.5371637305038682,0.81446291746006,0.2743825580342675,0.7037877209823712
503,B09Q3MRSM2,Tampons,0.0715387350984984,0.8408077340753896,0.0543755104018029,0.5133830939768104,0.7164218048001322,0.3350366279844549,0.2387193606492549
504,B09Q97HZV4,Serviettes hygièniques,0.0635988683439007,0.070897305368159,0.0269236580331692,0.0843957320250651,0.3543356740174836,0.1704949227868719,0.0
505,B09Q99LJ66,Tampons,0.0709813358641033,0.070897305368159,0.1358754951260045,0.1014093100154713,0.3543356740174836,0.0796936158292756,0.0094743744586361
506,B09QS27PTJ,Tampons,0.662006462657657,0.2735889493521978,0.1205152998527427,0.4877856413555949,0.6286602948115839,0.4776553610712585,0.4650664442762041
507,B09T75JY39,Tampons,0.1575167576718837,0.070897305368159,0.0269236580331692,0.059157449467552,0.3543356740174836,0.0796936158292756,0.0210248613600466
508,B09T75MCRL,Tampons,0.1575167576718837,0.070897305368159,0.0269236580331692,0.059157449467552,0.3543356740174836,0.0796936158292756,0.0210248613600466
509,B09T75Y3HN,Serviettes hygièniques,0.1959427105580903,0.0594985789956842,0.2675313391410691,0.0824845508276394,0.3543356740174836,0.3034945062637655,0.0209230732520642
510,B09T76CBVJ,Serviettes hygièniques,0.0850362784361288,0.0956317103089245,0.0595549780920507,0.0844665038426076,0.402158184271233,0.0796936158292756,0.0
511,B09V8WN7DC,Serviettes hygièniques,0.0,0.0862870293733253,0.0878331900190508,0.1116483506497494,0.3543356740174836,0.0796936158292756,0.0
512,B09VMHGQFG,Protège-slips,0.3606087735795837,0.1158501029687553,0.2542587538230322,0.2431461569394284,0.4122780591105694,0.3738924529563364,0.0343806933024883
513,B09VQ2BHMR,Tampons,0.0,0.070897305368159,0.0269236580331692,0.059157449467552,0.3543356740174836,0.0796936158292756,0.0
514,B09VQW3V3W,Tampons,0.2940373229807818,0.1686416476056461,0.4782522519884815,0.1341688620667318,0.3543356740174836,0.4395244553601759,0.0560674490558724
515,B09VQY7WZ4,Tampons,0.0,0.070897305368159,0.0687439596679005,0.059157449467552,0.3543356740174836,0.0796936158292756,0.0
516,B09VR4LCJR,Tampons,0.0,0.070897305368159,0.0269236580331692,0.059157449467552,0.3543356740174836,0.0796936158292756,0.0
517,B09VT1RV9R,Tampons,0.0871604417905678,0.070897305368159,0.1272629599704405,0.1110399730492548,0.3543356740174836,0.0796936158292756,0.0
518,B09VT936MM,Protège-slips,0.3793381510317723,0.1260661321892229,0.3908361211755771,0.2096922575527436,0.6743326732567144,0.2150906786602932,0.0759493670886076
519,B09VT97LF7,Serviettes hygièniques,0.0,0.2292058423916662,0.4678322920177065,0.2631404334623882,0.4903713188915994,0.0796936158292756,0.0484308656998791
520,B09W8LWC46,Tampons,0.0,0.070897305368159,0.0269236580331692,0.059157449467552,0.3543356740174836,0.0796936158292756,0.0
521,B09W8VQ7QP,Protège-slips,0.0,0.070897305368159,0.0269236580331692,0.059157449467552,0.3543356740174836,0.0796936158292756,0.0
522,B09WB3DTTQ,Serviettes hygièniques,0.0,0.070897305368159,0.0269236580331692,0.0872027143002388,0.3543356740174836,0.0796936158292756,0.0
523,B09WB53LSP,Serviettes hygièniques,0.0459367728734727,0.0976204584228371,0.0974336834328496,0.0956161250305172,0.4060033112228405,0.0796936158292756,0.0
524,B09WBF4NYJ,Serviettes hygièniques,0.0,0.070897305368159,0.1011784629302932,0.059157449467552,0.3543356740174836,0.1717842832510041,0.0
525,B09WBH8HDX,Serviettes hygièniques,0.0721898227610585,0.070897305368159,0.0269236580331692,0.073481188175987,0.3543356740174836,0.0796936158292756,0.0096356796419033
526,B09WBNJTWS,Serviettes hygièniques,0.0,0.070897305368159,0.1464956917540778,0.1003755879201897,0.3543356740174836,0.0796936158292756,0.0
527,B09WN186LK,Protège-slips,0.0,0.0949881320077789,0.0745970593001337,0.1166753386824113,0.3543356740174836,0.0796936158292756,0.0110550537404933
528,B09WN1GDD2,Protège-slips,0.0728918918656785,0.070897305368159,0.278663600939725,0.059157449467552,0.3543356740174836,0.0796936158292756,0.0389175588273539
529,B09WN36G4G,Protège-slips,0.0481764588449238,0.0989233682109138,0.0823845087471275,0.1165118228680591,0.5710826191539593,0.0796936158292756,0.0128608966182817
530,B09WN4F8NG,Protège-slips,0.0,0.070897305368159,0.0269236580331692,0.059157449467552,0.3543356740174836,0.0796936158292756,0.0
531,B09WR3KVWM,Tampons,0.0,0.1260661321892229,0.0269236580331692,0.0967911514888499,0.3543356740174836,0.0796936158292756,0.0
532,B09WYHCCSM,Protège-slips,0.0,0.1109097828549394,0.0973065902199617,0.1592380877436408,0.4059101811186101,0.0796936158292756,0.0122408997007783
533,B09X17V39R,Tampons,0.5680646634034637,0.109027840337549,0.0269236580331692,0.4319809608985943,0.5509307033753421,0.6411805355104785,0.431611014521825
534,B09XBNC8GH,Tampons,0.6588030572727184,0.3583352417608674,0.1217256082110396,0.6228796369694297,0.7248318497795743,0.6087730059893665,0.5825696633926507
535,B09YDB8Y8F,Tampons,0.2456745040607281,0.070897305368159,0.0269236580331692,0.2419555885732044,0.561578483303056,0.2550706833444458,0.2459391843724288
536,B09Z6PM8V9,Tampons,0.1002429134601328,0.1583699297432026,0.0269236580331692,0.248112150090846,0.4670844406609725,0.1512529673746415,0.0401403645360072
537,B09Z6QCL7Z,Tampons,0.0570344856905803,0.070897305368159,0.0269236580331692,0.1723239650726487,0.3543356740174836,0.0796936158292756,0.0609023279610106
538,B09Z6RLBH1,Tampons,0.1745539057307389,0.1724418947537162,0.0269236580331692,0.1544025575955182,0.4525009053770639,0.0796936158292756,0.1048451780584313
539,B09Z6SXT97,Tampons,0.0,0.1028926651558227,0.0269236580331692,0.1028090514934053,0.4161968113758418,0.0796936158292756,0.0293647393001723
540,B09ZPGC5Z9,Culottes et slips,0.0392966257940388,0.3909419127519978,0.7658169757792372,0.4880004887738156,0.3543356740174836,0.5285299016358621,0.2412789698482952
541,B0B21FMCZT,Serviettes hygièniques,0.0596044543629042,0.2442680992926357,0.3242630621000281,0.2838624473811758,0.3543356740174836,0.2498904289983621,0.0
542,B0B24PGR29,Serviettes hygièniques,0.0531187772131591,0.070897305368159,0.0269236580331692,0.059157449467552,0.3543356740174836,0.1555322985061945,0.0
543,B0B28P878G,Tampons,0.0,0.070897305368159,0.0269236580331692,0.059157449467552,0.3543356740174836,0.0796936158292756,0.0
544,B0B5BDBX8G,Tampons,0.0478413529779807,0.4605329730918796,0.0269236580331692,0.3059643032030454,0.3543356740174836,0.2163016244350434,0.0510857551161308
545,B0B5BDF7RW,Tampons,0.0478413529779807,0.4605329730918796,0.0269236580331692,0.3059643032030454,0.3543356740174836,0.2163016244350434,0.0510857551161308
546,B0B5HMR5MW,Shorties,0.3622584096059019,0.2816366829885041,1.0,0.94223593039346,0.6453729117451676,0.2274659534066838,0.2210430128500962
547,B0B5QX8NPM,Serviettes hygièniques,0.0,0.070897305368159,0.0269236580331692,0.059157449467552,0.3543356740174836,0.0796936158292756,0.0
548,B0B6BF1H4T,Serviettes hygièniques,0.0743022827325202,0.070897305368159,0.0839482977173127,0.0960146698690887,0.3543356740174836,0.0796936158292756,0.0
549,B0B6DQ3P2X,Tampons,0.0,0.070897305368159,0.0269236580331692,0.059157449467552,0.3543356740174836,0.0796936158292756,0.0
550,B0B71WTTC4,Culottes et sous-vêtements de protection,0.1031499869542821,0.3409253727406519,0.858149180901726,0.5571825104402268,0.5863727010141625,0.2760525316821351,0.2386479143913086
551,B0B723C8J5,Culottes et sous-vêtements de protection,0.1031499869542821,0.3409253727406519,0.858149180901726,0.5571825104402268,0.5863727010141625,0.2760525316821351,0.2386479143913086
552,B0B77XZR88,Protège-slips,0.0,0.070897305368159,0.0269236580331692,0.059157449467552,0.3543356740174836,0.1742866649348407,0.0
553,B0B7SJK7CZ,Serviettes hygièniques,0.0,0.070897305368159,0.0269236580331692,0.0735379221904477,0.4358531768905558,0.0796936158292756,0.0193476900238837
554,B0B87P8967,Protège-slips,0.0,0.070897305368159,0.0269236580331692,0.059157449467552,0.3543356740174836,0.0796936158292756,0.0
555,B0B9SCTQ64,Protège-slips,0.0,0.070897305368159,0.0269236580331692,0.059157449467552,0.3543356740174836,0.0796936158292756,0.0
556,B0BB2JRJK5,Tampons,0.0,0.070897305368159,0.0269236580331692,0.059157449467552,0.3543356740174836,0.0796936158292756,0.0
557,B0BBDHC2MD,Protège-slips,0.0,0.070897305368159,0.0269236580331692,0.0985957491125866,0.4661161337621972,0.0796936158292756,0.0
558,B0BCWGYJQF,Lames,0.1971748339657257,1.0,0.1025863661504475,0.4973347959151926,0.8865920159470133,0.3612038547603106,0.557947995583093
559,B0BF9X73JT,Serviettes hygièniques,0.0,0.070897305368159,0.0269236580331692,0.059157449467552,0.3543356740174836,0.2051563806122011,0.0
560,B0BH8F5FX8,Tampons,0.0580571589454379,0.2904285568667857,0.0937591935280897,0.174353129839429,0.3543356740174836,0.0796936158292756,0.0309971773372504
561,B0BH8P2HHS,Tampons,0.0,0.3297532418673705,0.0269236580331692,0.2210223786946595,0.3543356740174836,0.0796936158292756,0.0197977590658111
562,B0BHTFJ6VX,Tampons,0.0,0.1625307432575928,0.0269236580331692,0.059157449467552,0.3543356740174836,0.0796936158292756,0.0
563,B0BJ1423G9,Protège-slips,0.0,0.070897305368159,0.0269236580331692,0.059157449467552,0.3543356740174836,0.0796936158292756,0.0
564,B0BKB2KLM2,Tampons,0.0,0.070897305368159,0.0269236580331692,0.059157449467552,0.3543356740174836,0.0796936158292756,0.0
565,B0BKL9CGL8,Culottes et sous-vêtements de protection,0.108256661975708,0.2125955162775504,0.4423413891946762,0.3545079726278384,0.5065385168094144,0.0796936158292756,0.1950719284109795
566,B0BM54M3TS,Culottes et sous-vêtements de protection,0.1718694569755096,0.0908938942309924,0.1324471331815125,0.1137205576624827,0.3929978968695392,0.0796936158292756,0.0550574792169926
567,B0BNQLW3X9,Protège-slips,0.0,0.070897305368159,0.0269236580331692,0.059157449467552,0.0,0.0796936158292756,0.0
568,B0BNQZMV4Y,Protège-slips,0.1271784546297748,0.1448818083215982,0.3441412746857946,0.1096263627793082,0.3543356740174836,0.0796936158292756,0.0169753962441627
569,B0BQJQGK3K,Tampons,0.0,0.1098866099371675,0.4641412128579916,0.3783185311255287,0.5051027065782647,0.3667599334214497,0.0
570,B0BQJQW12P,Tampons,0.2543569092595497,0.0339050538914393,0.66135889133842,0.1727125044190035,0.3543356740174836,0.1704811581074425,0.0169753962441627
571,B0BRQDG9LY,Serviettes hygièniques,0.0,0.0379035265894621,0.2010342635412343,0.1716918380581769,0.4181271954926445,0.1606679811682586,0.0302810694673778
572,B0BRQHRMCT,Protège-slips,0.0501214567300664,0.1292123882848547,0.1038569070630939,0.1387173234142021,0.3543356740174836,0.0796936158292756,0.0133801215120024
573,B0BRQRG69J,Protège-slips,0.0,0.070897305368159,0.0269236580331692,0.059157449467552,0.3543356740174836,0.3634727631459708,0.0
574,B0BRQRKW5K,Protège-slips,0.1325093454683955,0.070897305368159,0.0269236580331692,0.0723035493492302,0.3543356740174836,0.0796936158292756,0.0
575,B0BRQTPTK5,Protège-slips,0.0,0.070897305368159,0.0742803171479697,0.059157449467552,0.3543356740174836,0.0796936158292756,0.0109816039462476
576,B0BS72CCY3,Protège-slips,0.3150335153437675,0.070897305368159,0.0269236580331692,0.059157449467552,0.3543356740174836,0.0796936158292756,0.0
577,B0BS72FRX7,Protège-slips,0.0,0.070897305368159,0.0269236580331692,0.059157449467552,0.3543356740174836,0.1875563008483143,0.0
578,B0BS72JJK7,Protège-slips,0.0,0.070897305368159,0.0790745169434998,0.059157449467552,0.3543356740174836,0.0796936158292756,0.0120933378476207
579,B0BS735M1G,Protège-slips,0.0,0.1033692305229675,0.0269236580331692,0.059157449467552,0.3543356740174836,0.0,0.0149010610143741
580,B0BS73GH5D,Protège-slips,0.0,0.070897305368159,0.0269236580331692,0.0711564485260717,0.3543356740174836,0.0796936158292756,0.0
581,B0BS73RHWX,Protège-slips,0.0,0.070897305368159,0.0269236580331692,0.059157449467552,0.3543356740174836,0.0796936158292756,0.0
582,B0BSV7TVJR,Protège-slips,0.1710669211479892,0.070897305368159,0.0761568167343134,0.1270428600825794,0.4505399028610793,0.2018113548860205,0.0
583,B0BV2WJZ3N,Vêtements de contention médicaux,0.03781498722804,0.092895709440622,0.157521759991355,0.059157449467552,0.3543356740174836,0.0796936158292756,0.0
584,B0BV2ZD1MW,Protège-slips,0.0,0.070897305368159,0.0269236580331692,0.059157449467552,0.3543356740174836,0.0796936158292756,0.0
585,B0BW8SW3SD,Protège-slips,0.0,0.070897305368159,0.0269236580331692,0.059157449467552,0.3543356740174836,0.0796936158292756,0.0
586,B0BW8V2HSN,Protège-slips,0.0944284871535737,0.070897305368159,0.0812768043076498,0.077893732850564,0.3543356740174836,0.2819196208866918,0.0126040294390671
587,B0BWR11RZ2,Serviettes hygièniques,0.0,0.070897305368159,0.0269236580331692,0.059157449467552,0.3543356740174836,0.0796936158292756,0.0
588,B0BWR21CQC,Serviettes hygièniques,0.0,0.070897305368159,0.0269236580331692,0.059157449467552,0.3543356740174836,0.0796936158292756,0.0
589,B0BWR28JSW,Serviettes hygièniques,0.0,0.070897305368159,0.1175904856876012,0.059157449467552,0.3543356740174836,0.0796936158292756,0.0
590,B0BXC1JKMG,Protège-slips,0.1541462406285264,0.0933154756239657,0.3818306746379141,0.1050354636225113,0.3543356740174836,0.0796936158292756,0.0
591,B0BY33VD9P,Protège-slips,0.0706443202373926,0.1941867005993409,0.1624668324525403,0.6198407954647762,0.7516236070094472,0.583994775088927,0.0942939063004236
592,B0BYF334CK,Serviettes hygièniques,0.0,0.070897305368159,0.0269236580331692,0.059157449467552,0.3543356740174836,0.0796936158292756,0.0
593,B0BZ1WZZB3,Tampons,0.288522265091033,0.1548194462524018,0.0269236580331692,0.2995987331609126,0.4841424739810035,0.1620793545659124,0.1540443242353094
594,B0C1GZZ6RZ,Serviettes hygièniques,0.061418626015182,0.3924630829945619,0.2626078718694433,0.1566497903238999,0.3543356740174836,0.0796936158292756,0.0
595,B0C1L89ZDR,Serviettes hygièniques,0.0,0.070897305368159,0.0269236580331692,0.059157449467552,0.3543356740174836,0.0796936158292756,0.053060842387073
596,B0C2Z6XJMW,Tampons,0.0,0.070897305368159,0.0269236580331692,0.1317018976119399,0.3543356740174836,0.0796936158292756,0.0650682131108085
597,B0C4TH74KS,Serviettes hygièniques,0.0,0.070897305368159,0.0269236580331692,0.059157449467552,0.3543356740174836,0.0796936158292756,0.0
598,B0C668XCZQ,Bannetons,0.0,0.070897305368159,0.0269236580331692,0.0911564136053478,0.5357257924998231,0.1948182388451221,0.0
599,B0C789YV6X,Tampons,0.4267554199107439,0.4984557132314045,0.0269236580331692,0.4449028951858557,0.5676670068436375,0.553583335737837,0.4556962025316456
600,B0C7MCTB5K,Tampons,0.1764052957799846,0.1735189181612197,0.0494879007012831,0.3741748494562041,0.7511613216775208,0.163646008003143,0.0470920928258062
601,B0C7MDVP2G,Tampons,0.1764052957799846,0.1735189181612197,0.0494879007012831,0.3741748494562041,0.7511613216775208,0.163646008003143,0.0470920928258062
602,B0C99HYHGF,Serviettes hygièniques,0.0,0.070897305368159,0.0269236580331692,0.059157449467552,0.4252028088209804,0.0796936158292756,0.0504596672641118
603,B0C99KSRF4,Serviettes hygièniques,0.0851340757692504,0.070897305368159,0.0269236580331692,0.059157449467552,0.3543356740174836,0.0796936158292756,0.0
604,B0C9QT2QX6,Coupes menstruelles,0.0648486512523902,0.2217969288641583,0.0269236580331692,0.1878286527766603,0.3543356740174836,0.1722792614780963,0.173116044555415
605,B0C9YLWBXH,Tampons,0.0993820091012966,0.1287115677546449,0.0269236580331692,0.0985957491125866,0.5778965935069109,0.0796936158292756,0.053060842387073
606,B0CBT2534K,Tampons,0.0,0.070897305368159,0.0269236580331692,0.059157449467552,0.453175110677199,0.0796936158292756,0.0
607,B0CCF2B381,Tampons,0.2370863443948577,0.7467154339261922,0.0269236580331692,1.0,0.9943296724959452,0.2150906786602932,1.0
608,B0CJHJ6D74,Beauté et soins,0.0,0.070897305368159,0.0269236580331692,0.059157449467552,0.3543356740174836,0.5294729228128622,0.0420497227200932
609,B0CKH3BH19,Tampons,0.0,0.070897305368159,0.0269236580331692,0.1129991047429422,0.3543356740174836,0.0796936158292756,0.0
610,B0CKYD431D,Tampons,0.1987640182025932,0.070897305368159,0.0269236580331692,0.059157449467552,0.3543356740174836,0.0796936158292756,0.0
611,B0CL3GQ5VP,Tampons,0.3150335153437675,0.070897305368159,0.0269236580331692,0.059157449467552,0.3543356740174836,0.0796936158292756,0.0
612,B0CL3VMWJR,Tampons,0.9451005460313028,0.070897305368159,0.0269236580331692,0.059157449467552,0.3543356740174836,0.0796936158292756,0.1681988908803728
613,B0CL56DM4L,Tampons,0.5962920546077797,0.070897305368159,0.0269236580331692,0.059157449467552,0.3543356740174836,0.0796936158292756,0.106121684774146
614,B0CL56VDZV,Tampons,0.0,0.070897305368159,0.0269236580331692,0.059157449467552,0.5778965935069109,0.0796936158292756,0.0
615,B0CL9VMF6K,Serviettes hygièniques,0.0,0.070897305368159,0.0269236580331692,0.059157449467552,0.3543356740174836,0.0796936158292756,0.0
616,B0CLY65M7V,Tampons,0.0,0.070897305368159,0.0269236580331692,0.059157449467552,0.3543356740174836,0.0796936158292756,0.0
